timestamp,data.clientX_norm,data.clientY_norm,data.clientX,data.clientY,data.screenX,data.screenY,data.screenWidth,data.screenHeight,data.isClicking,data.isDblClicking,data.isTyping,data.currentMouseElement_element:background,data.currentMouseElement_element:item,data.currentMouseElement_element:item:option,data.currentMouseElement_element:navbar-bottom,data.currentMouseElement_element:navbar-top
1612448736230,0.49322916666666666,0.5824074074074074,947,629,947,731,1920,1080,0,0,0,0,1,0,0,0
1612448736282,0.49114583333333334,0.5796296296296296,943,626,943,728,1920,1080,0,0,0,0,1,0,0,0
1612448736334,0.49114583333333334,0.5796296296296296,943,626,943,728,1920,1080,0,0,0,0,1,0,0,0
1612448736643,0.44375,0.5685185185185185,852,614,852,716,1920,1080,0,0,0,0,1,0,0,0
1612448736693,0.43802083333333336,0.5648148148148148,841,610,841,712,1920,1080,0,0,0,0,1,0,0,0
1612448736745,0.4276041666666667,0.5564814814814815,821,601,821,703,1920,1080,0,0,0,0,1,0,0,0
1612448736799,0.4197916666666667,0.5509259259259259,806,595,806,697,1920,1080,0,0,0,0,1,0,0,0
1612448736850,0.41302083333333334,0.5462962962962963,793,590,793,692,1920,1080,0,0,0,0,1,0,0,0
1612448736900,0.4083333333333333,0.5407407407407407,784,584,784,686,1920,1080,0,0,0,0,1,0,0,0
1612448736956,0.40677083333333336,0.5388888888888889,781,582,781,684,1920,1080,0,0,0,0,1,0,0,0
1612448737008,0.40677083333333336,0.5388888888888889,781,582,781,684,1920,1080,0,0,0,0,1,0,0,0
1612448737059,0.40677083333333336,0.5388888888888889,781,582,781,684,1920,1080,0,0,0,0,1,0,0,0
1612448737110,0.40677083333333336,0.5388888888888889,781,582,781,684,1920,1080,0,0,0,0,1,0,0,0
1612448737161,0.40677083333333336,0.5388888888888889,781,582,781,684,1920,1080,0,0,0,0,1,0,0,0
1612448737215,0.40677083333333336,0.5388888888888889,781,582,781,684,1920,1080,0,0,0,0,1,0,0,0
1612448737335,0.40677083333333336,0.5388888888888889,781,582,781,684,1920,1080,0,0,0,0,1,0,0,0
1612448737645,0.40677083333333336,0.5388888888888889,781,582,781,684,1920,1080,0,0,0,0,1,0,0,0
1612448737696,0.40677083333333336,0.5388888888888889,781,582,781,684,1920,1080,0,0,0,0,1,0,0,0
1612448737748,0.40677083333333336,0.5388888888888889,781,582,781,684,1920,1080,0,0,0,0,1,0,0,0
1612448737801,0.40677083333333336,0.5388888888888889,781,582,781,684,1920,1080,0,0,0,0,1,0,0,0
1612448737851,0.40677083333333336,0.5388888888888889,781,582,781,684,1920,1080,0,0,0,0,1,0,0,0
1612448737903,0.40677083333333336,0.5388888888888889,781,582,781,684,1920,1080,0,0,0,0,1,0,0,0
1612448737954,0.40677083333333336,0.5388888888888889,781,582,781,684,1920,1080,0,0,0,0,1,0,0,0
1612448738004,0.40677083333333336,0.5388888888888889,781,582,781,684,1920,1080,0,0,0,0,1,0,0,0
1612448738056,0.40677083333333336,0.5388888888888889,781,582,781,684,1920,1080,0,0,0,0,1,0,0,0
1612448738107,0.40677083333333336,0.5388888888888889,781,582,781,684,1920,1080,0,0,0,0,1,0,0,0
1612448738158,0.40677083333333336,0.5388888888888889,781,582,781,684,1920,1080,0,0,0,0,1,0,0,0
1612448738209,0.40677083333333336,0.5388888888888889,781,582,781,684,1920,1080,0,0,0,0,1,0,0,0
1612448738260,0.40677083333333336,0.5388888888888889,781,582,781,684,1920,1080,0,0,0,0,1,0,0,0
1612448738312,0.40677083333333336,0.5388888888888889,781,582,781,684,1920,1080,0,0,0,0,1,0,0,0
1612448738617,0.40677083333333336,0.5388888888888889,781,582,781,684,1920,1080,0,0,0,0,1,0,0,0
1612448738668,0.40677083333333336,0.5388888888888889,781,582,781,684,1920,1080,0,0,0,0,1,0,0,0
1612448738719,0.40677083333333336,0.5388888888888889,781,582,781,684,1920,1080,0,0,0,0,1,0,0,0
1612448738770,0.40677083333333336,0.5388888888888889,781,582,781,684,1920,1080,0,0,0,0,1,0,0,0
1612448738820,0.40677083333333336,0.5388888888888889,781,582,781,684,1920,1080,0,0,0,0,1,0,0,0
1612448738871,0.40677083333333336,0.5388888888888889,781,582,781,684,1920,1080,0,0,0,0,1,0,0,0
1612448738923,0.40677083333333336,0.5388888888888889,781,582,781,684,1920,1080,0,0,0,0,1,0,0,0
1612448738974,0.40677083333333336,0.5388888888888889,781,582,781,684,1920,1080,0,0,0,0,1,0,0,0
1612448739025,0.40677083333333336,0.5388888888888889,781,582,781,684,1920,1080,0,0,0,0,1,0,0,0
1612448739075,0.40677083333333336,0.5388888888888889,781,582,781,684,1920,1080,0,0,0,0,1,0,0,0
1612448739126,0.40677083333333336,0.5388888888888889,781,582,781,684,1920,1080,0,0,0,0,1,0,0,0
1612448739177,0.40677083333333336,0.5388888888888889,781,582,781,684,1920,1080,0,0,0,0,1,0,0,0
1612448739228,0.40677083333333336,0.5388888888888889,781,582,781,684,1920,1080,0,0,0,0,1,0,0,0
1612448739279,0.40677083333333336,0.5388888888888889,781,582,781,684,1920,1080,0,0,0,0,1,0,0,0
1612448739331,0.40677083333333336,0.5388888888888889,781,582,781,684,1920,1080,0,0,0,0,1,0,0,0
1612448739639,0.4296875,0.44351851851851853,825,479,825,581,1920,1080,0,0,0,0,0,1,0,0
1612448739690,0.428125,0.4361111111111111,822,471,822,573,1920,1080,0,0,0,0,0,1,0,0
1612448739741,0.4276041666666667,0.4351851851851852,821,470,821,572,1920,1080,0,0,0,0,0,1,0,0
1612448739791,0.4270833333333333,0.43333333333333335,820,468,820,570,1920,1080,0,0,0,0,0,1,0,0
1612448739842,0.42604166666666665,0.42314814814814816,818,457,818,559,1920,1080,0,0,0,0,0,1,0,0
1612448739894,0.42604166666666665,0.41759259259259257,818,451,818,553,1920,1080,0,0,0,0,0,1,0,0
1612448739945,0.42604166666666665,0.4148148148148148,818,448,818,550,1920,1080,0,0,0,0,0,1,0,0
1612448739995,0.42604166666666665,0.41388888888888886,818,447,818,549,1920,1080,0,0,0,0,0,1,0,0
1612448740047,0.42604166666666665,0.41388888888888886,818,447,818,549,1920,1080,0,0,0,0,0,1,0,0
1612448740098,0.42604166666666665,0.41388888888888886,818,447,818,549,1920,1080,0,0,0,0,0,1,0,0
1612448740149,0.42604166666666665,0.41388888888888886,818,447,818,549,1920,1080,0,0,0,0,0,1,0,0
1612448740200,0.42604166666666665,0.41388888888888886,818,447,818,549,1920,1080,0,0,0,0,0,1,0,0
1612448740250,0.42604166666666665,0.41388888888888886,818,447,818,549,1920,1080,0,0,0,0,0,1,0,0
1612448740301,0.42604166666666665,0.41388888888888886,818,447,818,549,1920,1080,0,0,0,0,0,1,0,0
1612448740353,0.42604166666666665,0.41388888888888886,818,447,818,549,1920,1080,0,0,0,0,0,1,0,0
1612448740659,0.42604166666666665,0.41388888888888886,818,447,818,549,1920,1080,0,0,0,0,0,1,0,0
1612448740710,0.42604166666666665,0.41388888888888886,818,447,818,549,1920,1080,0,0,0,0,0,1,0,0
1612448740761,0.42604166666666665,0.41388888888888886,818,447,818,549,1920,1080,0,0,0,0,0,1,0,0
1612448740812,0.42604166666666665,0.41388888888888886,818,447,818,549,1920,1080,0,0,0,0,0,1,0,0
1612448740863,0.42604166666666665,0.41388888888888886,818,447,818,549,1920,1080,0,0,0,0,0,1,0,0
1612448740915,0.42604166666666665,0.41388888888888886,818,447,818,549,1920,1080,0,0,0,0,0,1,0,0
1612448740968,0.42604166666666665,0.41388888888888886,818,447,818,549,1920,1080,0,0,0,0,0,1,0,0
1612448741185,0.42604166666666665,0.41388888888888886,818,447,818,549,1920,1080,1,0,0,0,0,1,0,0
1612448741236,0.42604166666666665,0.41388888888888886,818,447,818,549,1920,1080,0,0,0,0,0,1,0,0
1612448741287,0.42604166666666665,0.41388888888888886,818,447,818,549,1920,1080,0,0,0,0,0,1,0,0
1612448741338,0.42604166666666665,0.41388888888888886,818,447,818,549,1920,1080,0,0,0,0,0,1,0,0
1612448741390,0.42604166666666665,0.41388888888888886,818,447,818,549,1920,1080,0,0,0,0,0,1,0,0
1612448741706,0.42604166666666665,0.41388888888888886,818,447,818,549,1920,1080,0,0,0,0,0,1,0,0
1612448741758,0.42604166666666665,0.41388888888888886,818,447,818,549,1920,1080,0,0,0,0,0,1,0,0
1612448741808,0.42604166666666665,0.41388888888888886,818,447,818,549,1920,1080,0,0,0,0,0,1,0,0
1612448741860,0.4197916666666667,0.45,806,486,806,588,1920,1080,0,0,0,0,0,1,0,0
1612448741911,0.4083333333333333,0.5481481481481482,784,592,784,694,1920,1080,0,0,0,0,1,0,0,0
1612448741963,0.4036458333333333,0.6101851851851852,775,659,775,761,1920,1080,0,0,0,1,0,0,0,0
1612448742015,0.4114583333333333,0.6555555555555556,790,708,790,810,1920,1080,0,0,0,1,0,0,0,0
1612448742067,0.43072916666666666,0.7018518518518518,827,758,827,860,1920,1080,0,0,0,1,0,0,0,0
1612448742117,0.45,0.7425925925925926,864,802,864,904,1920,1080,0,0,0,1,0,0,0,0
1612448742168,0.4630208333333333,0.7694444444444445,889,831,889,933,1920,1080,0,0,0,1,0,0,0,0
1612448742219,0.46770833333333334,0.7851851851851852,898,848,898,950,1920,1080,0,0,0,1,0,0,0,0
1612448742270,0.46770833333333334,0.787962962962963,898,851,898,953,1920,1080,0,0,0,1,0,0,0,0
1612448742321,0.46770833333333334,0.787962962962963,898,851,898,953,1920,1080,0,0,0,1,0,0,0,0
1612448742372,0.475,0.8055555555555556,912,870,912,972,1920,1080,0,0,0,1,0,0,0,0
1612448742731,0.48802083333333335,0.8601851851851852,937,929,937,1031,1920,1080,0,0,0,0,0,0,1,0
1612448742782,0.48802083333333335,0.8601851851851852,937,929,937,1031,1920,1080,0,0,0,0,0,0,1,0
1612448742834,0.48802083333333335,0.8601851851851852,937,929,937,1031,1920,1080,0,0,0,0,0,0,1,0
1612448742885,0.48802083333333335,0.8601851851851852,937,929,937,1031,1920,1080,0,0,0,0,0,0,1,0
1612448742958,0.48802083333333335,0.8601851851851852,937,929,937,1031,1920,1080,0,0,0,0,0,0,1,0
1612448743009,0.4828125,0.8657407407407407,927,935,927,1037,1920,1080,0,0,0,0,0,0,1,0
1612448743060,0.4828125,0.8657407407407407,927,935,927,1037,1920,1080,0,0,0,0,0,0,1,0
1612448743111,0.4817708333333333,0.8675925925925926,925,937,925,1039,1920,1080,0,0,0,0,0,0,1,0
1612448743171,0.4817708333333333,0.8675925925925926,925,937,925,1039,1920,1080,0,0,0,0,0,0,1,0
1612448743222,0.4817708333333333,0.8675925925925926,925,937,925,1039,1920,1080,0,0,0,0,0,0,1,0
1612448743275,0.4817708333333333,0.8675925925925926,925,937,925,1039,1920,1080,0,0,0,0,0,0,1,0
1612448743326,0.4817708333333333,0.8675925925925926,925,937,925,1039,1920,1080,0,0,0,0,0,0,1,0
1612448743377,0.4817708333333333,0.8675925925925926,925,937,925,1039,1920,1080,0,0,0,0,0,0,1,0
1612448742731,0.48802083333333335,0.8601851851851852,937,929,937,1031,1920,1080,0,0,0,0,0,0,1,0
1612448742782,0.48802083333333335,0.8601851851851852,937,929,937,1031,1920,1080,0,0,0,0,0,0,1,0
1612448742834,0.48802083333333335,0.8601851851851852,937,929,937,1031,1920,1080,0,0,0,0,0,0,1,0
1612448742885,0.48802083333333335,0.8601851851851852,937,929,937,1031,1920,1080,0,0,0,0,0,0,1,0
1612448742958,0.48802083333333335,0.8601851851851852,937,929,937,1031,1920,1080,0,0,0,0,0,0,1,0
1612448743009,0.4828125,0.8657407407407407,927,935,927,1037,1920,1080,0,0,0,0,0,0,1,0
1612448743060,0.4828125,0.8657407407407407,927,935,927,1037,1920,1080,0,0,0,0,0,0,1,0
1612448743111,0.4817708333333333,0.8675925925925926,925,937,925,1039,1920,1080,0,0,0,0,0,0,1,0
1612448743171,0.4817708333333333,0.8675925925925926,925,937,925,1039,1920,1080,0,0,0,0,0,0,1,0
1612448743222,0.4817708333333333,0.8675925925925926,925,937,925,1039,1920,1080,0,0,0,0,0,0,1,0
1612448743275,0.4817708333333333,0.8675925925925926,925,937,925,1039,1920,1080,0,0,0,0,0,0,1,0
1612448743326,0.4817708333333333,0.8675925925925926,925,937,925,1039,1920,1080,0,0,0,0,0,0,1,0
1612448743377,0.4817708333333333,0.8675925925925926,925,937,925,1039,1920,1080,0,0,0,0,0,0,1,0
1612448743429,0.4817708333333333,0.8675925925925926,925,937,925,1039,1920,1080,0,0,0,0,0,0,1,0
1612448743513,0.4817708333333333,0.8675925925925926,925,937,925,1039,1920,1080,0,0,0,0,0,0,1,0
1612448743594,0.4817708333333333,0.8675925925925926,925,937,925,1039,1920,1080,0,0,0,0,0,0,1,0
1612448743645,0.4817708333333333,0.8675925925925926,925,937,925,1039,1920,1080,0,0,0,0,0,0,1,0
1612448799416,0.45625,0.875,876,945,876,1047,1920,1080,0,0,0,0,0,0,1,0
1612448799467,0.45625,0.875,876,945,876,1047,1920,1080,0,0,0,0,0,0,1,0
1612448799519,0.45625,0.875,876,945,876,1047,1920,1080,0,0,0,0,0,0,1,0
1612448799569,0.45625,0.875,876,945,876,1047,1920,1080,0,0,0,0,0,0,1,0
1612448799621,0.45625,0.875,876,945,876,1047,1920,1080,0,0,0,0,0,0,1,0
1612448799672,0.45625,0.875,876,945,876,1047,1920,1080,0,0,0,0,0,0,1,0
1612448799723,0.45625,0.875,876,945,876,1047,1920,1080,0,0,0,0,0,0,1,0
1612448799774,0.45625,0.875,876,945,876,1047,1920,1080,0,0,0,0,0,0,1,0
1612448799824,0.45625,0.875,876,945,876,1047,1920,1080,0,0,0,0,0,0,1,0
1612448799875,0.45625,0.875,876,945,876,1047,1920,1080,0,0,0,0,0,0,1,0
1612448799984,0.45625,0.875,876,945,876,1047,1920,1080,1,0,0,0,0,0,1,0
1612448800035,0.45625,0.875,876,945,876,1047,1920,1080,0,0,0,0,0,0,1,0
1612448800085,0.45625,0.875,876,945,876,1047,1920,1080,0,0,0,0,0,0,1,0
1612448800136,0.45625,0.875,876,945,876,1047,1920,1080,0,0,0,0,0,0,1,0
1612448800621,0.45625,0.875,876,945,876,1047,1920,1080,0,0,0,0,0,0,1,0
1612448800672,0.45625,0.875,876,945,876,1047,1920,1080,0,0,0,0,0,0,1,0
1612448800723,0.45625,0.875,876,945,876,1047,1920,1080,0,0,0,0,0,0,1,0
1612448800774,0.45625,0.875,876,945,876,1047,1920,1080,0,0,0,0,0,0,1,0
1612448800825,0.45625,0.875,876,945,876,1047,1920,1080,0,0,0,0,0,0,1,0
1612448800876,0.45625,0.875,876,945,876,1047,1920,1080,0,0,0,0,0,0,1,0
1612448800928,0.45625,0.875,876,945,876,1047,1920,1080,0,0,0,0,0,0,1,0
1612448800979,0.45625,0.875,876,945,876,1047,1920,1080,0,0,0,0,0,0,1,0
1612448801029,0.45625,0.875,876,945,876,1047,1920,1080,0,0,0,0,0,0,1,0
1612448801080,0.45625,0.875,876,945,876,1047,1920,1080,0,0,0,0,0,0,1,0
1612448801131,0.45625,0.875,876,945,876,1047,1920,1080,0,0,0,0,0,0,1,0
1612448801440,0.45625,0.875,876,945,876,1047,1920,1080,0,0,0,0,0,0,1,0
1612448801491,0.45625,0.875,876,945,876,1047,1920,1080,0,0,0,0,0,0,1,0
1612448801542,0.45625,0.875,876,945,876,1047,1920,1080,0,0,0,0,0,0,1,0
1612448801593,0.46979166666666666,0.8777777777777778,902,948,902,1050,1920,1080,0,0,0,0,0,0,1,0
1612448801644,0.475,0.8796296296296297,912,950,912,1052,1920,1080,0,0,0,0,0,0,1,0
1612448801694,0.47708333333333336,0.8796296296296297,916,950,916,1052,1920,1080,0,0,0,0,0,0,1,0
1612448801746,0.4822916666666667,0.8796296296296297,926,950,926,1052,1920,1080,0,0,0,0,0,0,1,0
1612448801797,0.4953125,0.8777777777777778,951,948,951,1050,1920,1080,0,0,0,0,0,0,1,0
1612448801848,0.5182291666666666,0.8740740740740741,995,944,995,1046,1920,1080,0,0,0,0,0,0,1,0
1612448801899,0.5260416666666666,0.8759259259259259,1010,946,1010,1048,1920,1080,0,0,0,0,0,0,1,0
1612448801949,0.5302083333333333,0.8777777777777778,1018,948,1018,1050,1920,1080,0,0,0,0,0,0,1,0
1612448802001,0.53125,0.8777777777777778,1020,948,1020,1050,1920,1080,0,0,0,0,0,0,1,0
1612448802052,0.53125,0.8777777777777778,1020,948,1020,1050,1920,1080,0,0,0,0,0,0,1,0
1612448802102,0.53125,0.8777777777777778,1020,948,1020,1050,1920,1080,0,0,0,0,0,0,1,0
1612448802153,0.53125,0.8777777777777778,1020,948,1020,1050,1920,1080,0,0,0,0,0,0,1,0
1612448802459,0.53125,0.8777777777777778,1020,948,1020,1050,1920,1080,0,0,0,0,0,0,1,0
1612448802511,0.53125,0.8777777777777778,1020,948,1020,1050,1920,1080,0,0,0,0,0,0,1,0
1612448802561,0.53125,0.8777777777777778,1020,948,1020,1050,1920,1080,0,0,0,0,0,0,1,0
1612448802612,0.53125,0.8777777777777778,1020,948,1020,1050,1920,1080,0,0,0,0,0,0,1,0
1612448802663,0.53125,0.8777777777777778,1020,948,1020,1050,1920,1080,0,0,0,0,0,0,1,0
1612448802715,0.53125,0.8777777777777778,1020,948,1020,1050,1920,1080,0,0,0,0,0,0,1,0
1612448812556,0.46197916666666666,0.8777777777777778,887,948,887,1050,1920,1080,0,0,0,0,0,0,1,0
1612448812880,0.4640625,0.8777777777777778,891,948,891,1050,1920,1080,0,0,0,0,0,0,1,0
1612448812931,0.4640625,0.8777777777777778,891,948,891,1050,1920,1080,0,0,0,0,0,0,1,0
1612448812983,0.4640625,0.8777777777777778,891,948,891,1050,1920,1080,0,0,0,0,0,0,1,0
1612448813033,0.4640625,0.8777777777777778,891,948,891,1050,1920,1080,0,0,0,0,0,0,1,0
1612448813084,0.4640625,0.8777777777777778,891,948,891,1050,1920,1080,0,0,0,0,0,0,1,0
1612448813135,0.4640625,0.8777777777777778,891,948,891,1050,1920,1080,0,0,0,0,0,0,1,0
1612448813186,0.4640625,0.8777777777777778,891,948,891,1050,1920,1080,0,0,0,0,0,0,1,0
1612448813237,0.4640625,0.8777777777777778,891,948,891,1050,1920,1080,0,0,0,0,0,0,1,0
1612448813288,0.4640625,0.8777777777777778,891,948,891,1050,1920,1080,0,0,0,0,0,0,1,0
1612448813339,0.4640625,0.8777777777777778,891,948,891,1050,1920,1080,0,0,0,0,0,0,1,0
1612448813389,0.4640625,0.8777777777777778,891,948,891,1050,1920,1080,0,0,0,0,0,0,1,0
1612448813441,0.4666666666666667,0.8768518518518519,896,947,896,1049,1920,1080,0,0,0,0,0,0,1,0
1612448813492,0.46875,0.8768518518518519,900,947,900,1049,1920,1080,0,0,0,0,0,0,1,0
1612448813542,0.46875,0.8768518518518519,900,947,900,1049,1920,1080,0,0,0,0,0,0,1,0
1612448813594,0.46875,0.8768518518518519,900,947,900,1049,1920,1080,0,0,0,0,0,0,1,0
1612448813898,0.46927083333333336,0.8768518518518519,901,947,901,1049,1920,1080,0,0,0,0,0,0,1,0
1612448813950,0.46927083333333336,0.8768518518518519,901,947,901,1049,1920,1080,0,0,0,0,0,0,1,0
1612448814000,0.46927083333333336,0.8768518518518519,901,947,901,1049,1920,1080,0,0,0,0,0,0,1,0
1612448814051,0.46927083333333336,0.8768518518518519,901,947,901,1049,1920,1080,0,0,0,0,0,0,1,0
1612448814102,0.46927083333333336,0.8768518518518519,901,947,901,1049,1920,1080,0,0,0,0,0,0,1,0
1612448814153,0.46927083333333336,0.8768518518518519,901,947,901,1049,1920,1080,0,0,0,0,0,0,1,0
1612448814204,0.46927083333333336,0.8768518518518519,901,947,901,1049,1920,1080,0,0,0,0,0,0,1,0
1612448814254,0.46927083333333336,0.8768518518518519,901,947,901,1049,1920,1080,0,0,0,0,0,0,1,0
1612448814306,0.46927083333333336,0.8768518518518519,901,947,901,1049,1920,1080,0,0,0,0,0,0,1,0
1612448814357,0.46927083333333336,0.8768518518518519,901,947,901,1049,1920,1080,0,0,0,0,0,0,1,0
1612448815130,0.46927083333333336,0.8768518518518519,901,947,901,1049,1920,1080,1,0,0,0,0,0,1,0
1612448815180,0.46927083333333336,0.8768518518518519,901,947,901,1049,1920,1080,0,0,0,0,0,0,1,0
1612448815232,0.46927083333333336,0.8768518518518519,901,947,901,1049,1920,1080,0,0,0,0,0,0,1,0
1612448815283,0.46927083333333336,0.8768518518518519,901,947,901,1049,1920,1080,0,0,0,0,0,0,1,0
1612448815334,0.46927083333333336,0.8768518518518519,901,947,901,1049,1920,1080,0,0,0,0,0,0,1,0
1612448815385,0.46927083333333336,0.8768518518518519,901,947,901,1049,1920,1080,0,0,0,0,0,0,1,0
1612448815436,0.46927083333333336,0.8768518518518519,901,947,901,1049,1920,1080,0,0,0,0,0,0,1,0
1612448815487,0.46927083333333336,0.8768518518518519,901,947,901,1049,1920,1080,0,0,0,0,0,0,1,0
1612448815537,0.46927083333333336,0.8768518518518519,901,947,901,1049,1920,1080,0,0,0,0,0,0,1,0
1612448815589,0.46927083333333336,0.8768518518518519,901,947,901,1049,1920,1080,0,0,0,0,0,0,1,0
1612448815641,0.46927083333333336,0.8768518518518519,901,947,901,1049,1920,1080,0,0,0,0,0,0,1,0
1612448815949,0.46927083333333336,0.8768518518518519,901,947,901,1049,1920,1080,0,0,0,0,0,0,1,0
1612448816000,0.46927083333333336,0.8768518518518519,901,947,901,1049,1920,1080,0,0,0,0,0,0,1,0
1612448816050,0.46927083333333336,0.8768518518518519,901,947,901,1049,1920,1080,0,0,0,0,0,0,1,0
1612448816102,0.46927083333333336,0.8768518518518519,901,947,901,1049,1920,1080,0,0,0,0,0,0,1,0
1612448816153,0.46927083333333336,0.8768518518518519,901,947,901,1049,1920,1080,0,0,0,0,0,0,1,0
1612448816203,0.46927083333333336,0.8768518518518519,901,947,901,1049,1920,1080,0,0,0,0,0,0,1,0
1612448816254,0.46927083333333336,0.8768518518518519,901,947,901,1049,1920,1080,0,0,0,0,0,0,1,0
1612448816306,0.46927083333333336,0.8768518518518519,901,947,901,1049,1920,1080,0,0,0,0,0,0,1,0
1612448816358,0.46927083333333336,0.8768518518518519,901,947,901,1049,1920,1080,0,0,0,0,0,0,1,0
1612448816408,0.46927083333333336,0.8768518518518519,901,947,901,1049,1920,1080,0,0,0,0,0,0,1,0
1612448816459,0.46927083333333336,0.8768518518518519,901,947,901,1049,1920,1080,0,0,0,0,0,0,1,0
1612448816510,0.46927083333333336,0.8768518518518519,901,947,901,1049,1920,1080,0,0,0,0,0,0,1,0
1612448816561,0.46927083333333336,0.8768518518518519,901,947,901,1049,1920,1080,0,0,0,0,0,0,1,0
1612448816612,0.46927083333333336,0.8768518518518519,901,947,901,1049,1920,1080,0,0,0,0,0,0,1,0
1612448816917,0.46927083333333336,0.8768518518518519,901,947,901,1049,1920,1080,0,0,0,0,0,0,1,0
1612448816969,0.46927083333333336,0.8768518518518519,901,947,901,1049,1920,1080,0,0,0,0,0,0,1,0
1612448817019,0.46927083333333336,0.8768518518518519,901,947,901,1049,1920,1080,0,0,0,0,0,0,1,0
1612448817071,0.46927083333333336,0.8768518518518519,901,947,901,1049,1920,1080,0,0,0,0,0,0,1,0
1612448817122,0.46927083333333336,0.8768518518518519,901,947,901,1049,1920,1080,0,0,0,0,0,0,1,0
1612448817172,0.46927083333333336,0.8768518518518519,901,947,901,1049,1920,1080,0,0,0,0,0,0,1,0
1612448817223,0.46927083333333336,0.8768518518518519,901,947,901,1049,1920,1080,0,0,0,0,0,0,1,0
1612448817274,0.46927083333333336,0.8768518518518519,901,947,901,1049,1920,1080,0,0,0,0,0,0,1,0
1612448817325,0.46927083333333336,0.8768518518518519,901,947,901,1049,1920,1080,0,0,0,0,0,0,1,0
1612448817382,0.46927083333333336,0.8768518518518519,901,947,901,1049,1920,1080,0,0,0,0,0,0,1,0
1612448817434,0.46927083333333336,0.8768518518518519,901,947,901,1049,1920,1080,0,0,0,0,0,0,1,0
1612448817485,0.46927083333333336,0.8768518518518519,901,947,901,1049,1920,1080,0,0,0,0,0,0,1,0
1612448817536,0.46927083333333336,0.8768518518518519,901,947,901,1049,1920,1080,0,0,0,0,0,0,1,0
1612448817587,0.46927083333333336,0.8768518518518519,901,947,901,1049,1920,1080,0,0,0,0,0,0,1,0
1612448817638,0.46927083333333336,0.8768518518518519,901,947,901,1049,1920,1080,0,0,0,0,0,0,1,0
1612448817944,0.46927083333333336,0.8768518518518519,901,947,901,1049,1920,1080,0,0,0,0,0,0,1,0
1612448817995,0.46927083333333336,0.8768518518518519,901,947,901,1049,1920,1080,0,0,0,0,0,0,1,0
1612448818045,0.46927083333333336,0.8768518518518519,901,947,901,1049,1920,1080,0,0,0,0,0,0,1,0
1612448818097,0.46927083333333336,0.8768518518518519,901,947,901,1049,1920,1080,0,0,0,0,0,0,1,0
1612448818148,0.46927083333333336,0.8768518518518519,901,947,901,1049,1920,1080,0,0,0,0,0,0,1,0
1612448818198,0.46927083333333336,0.8768518518518519,901,947,901,1049,1920,1080,0,0,0,0,0,0,1,0
1612448818249,0.46927083333333336,0.8768518518518519,901,947,901,1049,1920,1080,0,0,0,0,0,0,1,0
1612448818300,0.46927083333333336,0.8768518518518519,901,947,901,1049,1920,1080,0,0,0,0,0,0,1,0
1612448818351,0.46927083333333336,0.8768518518518519,901,947,901,1049,1920,1080,0,0,0,0,0,0,1,0
1612448818401,0.46927083333333336,0.8768518518518519,901,947,901,1049,1920,1080,0,0,0,0,0,0,1,0
1612448818453,0.46927083333333336,0.8768518518518519,901,947,901,1049,1920,1080,0,0,0,0,0,0,1,0
1612448818504,0.46927083333333336,0.8768518518518519,901,947,901,1049,1920,1080,0,0,0,0,0,0,1,0
1612448818560,0.46927083333333336,0.8768518518518519,901,947,901,1049,1920,1080,0,0,0,0,0,0,1,0
1612448818623,0.46927083333333336,0.8768518518518519,901,947,901,1049,1920,1080,0,0,0,0,0,0,1,0
1612448818673,0.46927083333333336,0.8768518518518519,901,947,901,1049,1920,1080,0,0,0,0,0,0,1,0
1612448818979,0.46927083333333336,0.8768518518518519,901,947,901,1049,1920,1080,0,0,0,0,0,0,1,0
1612448819029,0.46927083333333336,0.8768518518518519,901,947,901,1049,1920,1080,0,0,0,0,0,0,1,0
1612448819080,0.46927083333333336,0.8768518518518519,901,947,901,1049,1920,1080,0,0,0,0,0,0,1,0
1612448819131,0.46927083333333336,0.8768518518518519,901,947,901,1049,1920,1080,0,0,0,0,0,0,1,0
1612448819181,0.46927083333333336,0.8768518518518519,901,947,901,1049,1920,1080,0,0,0,0,0,0,1,0
1612448819233,0.46927083333333336,0.8768518518518519,901,947,901,1049,1920,1080,0,0,0,0,0,0,1,0
1612448819284,0.46927083333333336,0.8768518518518519,901,947,901,1049,1920,1080,0,0,0,0,0,0,1,0
1612448819335,0.46927083333333336,0.8768518518518519,901,947,901,1049,1920,1080,0,0,0,0,0,0,1,0
1612448819386,0.46927083333333336,0.8768518518518519,901,947,901,1049,1920,1080,0,0,0,0,0,0,1,0
1612448819437,0.46927083333333336,0.8768518518518519,901,947,901,1049,1920,1080,0,0,0,0,0,0,1,0
1612448819488,0.46927083333333336,0.8768518518518519,901,947,901,1049,1920,1080,0,0,0,0,0,0,1,0
1612448819539,0.46927083333333336,0.8768518518518519,901,947,901,1049,1920,1080,0,0,0,0,0,0,1,0
1612448819590,0.46927083333333336,0.8768518518518519,901,947,901,1049,1920,1080,0,0,0,0,0,0,1,0
1612448819641,0.46927083333333336,0.8768518518518519,901,947,901,1049,1920,1080,0,0,0,0,0,0,1,0
1612448819945,0.46927083333333336,0.8768518518518519,901,947,901,1049,1920,1080,0,0,0,0,0,0,1,0
1612448819996,0.46927083333333336,0.8768518518518519,901,947,901,1049,1920,1080,0,0,0,0,0,0,1,0
1612448820047,0.46927083333333336,0.8768518518518519,901,947,901,1049,1920,1080,0,0,0,0,0,0,1,0
1612448820099,0.46927083333333336,0.8768518518518519,901,947,901,1049,1920,1080,0,0,0,0,0,0,1,0
1612448820149,0.46927083333333336,0.8768518518518519,901,947,901,1049,1920,1080,0,0,0,0,0,0,1,0
1612448820200,0.46927083333333336,0.8768518518518519,901,947,901,1049,1920,1080,0,0,0,0,0,0,1,0
1612448820251,0.46927083333333336,0.8768518518518519,901,947,901,1049,1920,1080,0,0,0,0,0,0,1,0
1612448820301,0.46927083333333336,0.8768518518518519,901,947,901,1049,1920,1080,0,0,0,0,0,0,1,0
1612448820353,0.46927083333333336,0.8768518518518519,901,947,901,1049,1920,1080,0,0,0,0,0,0,1,0
1612448820404,0.46927083333333336,0.8768518518518519,901,947,901,1049,1920,1080,0,0,0,0,0,0,1,0
1612448820455,0.46927083333333336,0.8768518518518519,901,947,901,1049,1920,1080,0,0,0,0,0,0,1,0
1612448820506,0.46927083333333336,0.8768518518518519,901,947,901,1049,1920,1080,0,0,0,0,0,0,1,0
1612448820557,0.46927083333333336,0.8768518518518519,901,947,901,1049,1920,1080,0,0,0,0,0,0,1,0
1612448820607,0.46927083333333336,0.8768518518518519,901,947,901,1049,1920,1080,0,0,0,0,0,0,1,0
1612448820658,0.46927083333333336,0.8768518518518519,901,947,901,1049,1920,1080,0,0,0,0,0,0,1,0
1612448821014,0.46927083333333336,0.8768518518518519,901,947,901,1049,1920,1080,0,0,0,0,0,0,1,0
1612448821067,0.46927083333333336,0.8768518518518519,901,947,901,1049,1920,1080,0,0,0,0,0,0,1,0
1612448821118,0.46927083333333336,0.8768518518518519,901,947,901,1049,1920,1080,0,0,0,0,0,0,1,0
1612448821169,0.46927083333333336,0.8768518518518519,901,947,901,1049,1920,1080,0,0,0,0,0,0,1,0
1612448821219,0.46927083333333336,0.8768518518518519,901,947,901,1049,1920,1080,0,0,0,0,0,0,1,0
1612448821270,0.46927083333333336,0.8768518518518519,901,947,901,1049,1920,1080,0,0,0,0,0,0,1,0
1612448821321,0.46927083333333336,0.8768518518518519,901,947,901,1049,1920,1080,0,0,0,0,0,0,1,0
1612448821372,0.46927083333333336,0.8768518518518519,901,947,901,1049,1920,1080,0,0,0,0,0,0,1,0
1612448821423,0.46927083333333336,0.8768518518518519,901,947,901,1049,1920,1080,0,0,0,0,0,0,1,0
1612448821474,0.46927083333333336,0.8768518518518519,901,947,901,1049,1920,1080,0,0,0,0,0,0,1,0
1612448821525,0.46927083333333336,0.8768518518518519,901,947,901,1049,1920,1080,0,0,0,0,0,0,1,0
1612448821576,0.46927083333333336,0.8768518518518519,901,947,901,1049,1920,1080,0,0,0,0,0,0,1,0
1612448821627,0.46927083333333336,0.8768518518518519,901,947,901,1049,1920,1080,0,0,0,0,0,0,1,0
1612448821679,0.46927083333333336,0.8768518518518519,901,947,901,1049,1920,1080,0,0,0,0,0,0,1,0
1612448821983,0.46927083333333336,0.8768518518518519,901,947,901,1049,1920,1080,0,0,0,0,0,0,1,0
1612448822034,0.46927083333333336,0.8768518518518519,901,947,901,1049,1920,1080,0,0,0,0,0,0,1,0
1612448822085,0.46927083333333336,0.8768518518518519,901,947,901,1049,1920,1080,0,0,0,0,0,0,1,0
1612448822136,0.46927083333333336,0.8768518518518519,901,947,901,1049,1920,1080,0,0,0,0,0,0,1,0
1612448822187,0.46927083333333336,0.8768518518518519,901,947,901,1049,1920,1080,0,0,0,0,0,0,1,0
1612448822237,0.46927083333333336,0.8768518518518519,901,947,901,1049,1920,1080,0,0,0,0,0,0,1,0
1612448822289,0.46927083333333336,0.8768518518518519,901,947,901,1049,1920,1080,0,0,0,0,0,0,1,0
1612448822340,0.46927083333333336,0.8768518518518519,901,947,901,1049,1920,1080,0,0,0,0,0,0,1,0
1612448822391,0.46927083333333336,0.8768518518518519,901,947,901,1049,1920,1080,0,0,0,0,0,0,1,0
1612448822442,0.46927083333333336,0.8768518518518519,901,947,901,1049,1920,1080,0,0,0,0,0,0,1,0
1612448822492,0.46927083333333336,0.8768518518518519,901,947,901,1049,1920,1080,0,0,0,0,0,0,1,0
1612448822543,0.46927083333333336,0.8768518518518519,901,947,901,1049,1920,1080,0,0,0,0,0,0,1,0
1612448822594,0.46927083333333336,0.8768518518518519,901,947,901,1049,1920,1080,0,0,0,0,0,0,1,0
1612448822645,0.46927083333333336,0.8768518518518519,901,947,901,1049,1920,1080,0,0,0,0,0,0,1,0
1612448822696,0.46927083333333336,0.8768518518518519,901,947,901,1049,1920,1080,0,0,0,0,0,0,1,0
1612448823024,0.46927083333333336,0.8768518518518519,901,947,901,1049,1920,1080,0,0,0,0,0,0,1,0
1612448823074,0.46927083333333336,0.8768518518518519,901,947,901,1049,1920,1080,0,0,0,0,0,0,1,0
1612448823125,0.46927083333333336,0.8768518518518519,901,947,901,1049,1920,1080,0,0,0,0,0,0,1,0
1612448823176,0.46927083333333336,0.8768518518518519,901,947,901,1049,1920,1080,0,0,0,0,0,0,1,0
1612448823227,0.46927083333333336,0.8768518518518519,901,947,901,1049,1920,1080,0,0,0,0,0,0,1,0
1612448823278,0.46927083333333336,0.8768518518518519,901,947,901,1049,1920,1080,0,0,0,0,0,0,1,0
1612448823328,0.46927083333333336,0.8768518518518519,901,947,901,1049,1920,1080,0,0,0,0,0,0,1,0
1612448823379,0.46927083333333336,0.8768518518518519,901,947,901,1049,1920,1080,0,0,0,0,0,0,1,0
1612448823430,0.46927083333333336,0.8768518518518519,901,947,901,1049,1920,1080,0,0,0,0,0,0,1,0
1612448823481,0.46927083333333336,0.8768518518518519,901,947,901,1049,1920,1080,0,0,0,0,0,0,1,0
1612448823532,0.46927083333333336,0.8768518518518519,901,947,901,1049,1920,1080,0,0,0,0,0,0,1,0
1612448823583,0.46927083333333336,0.8768518518518519,901,947,901,1049,1920,1080,0,0,0,0,0,0,1,0
1612448823634,0.46927083333333336,0.8768518518518519,901,947,901,1049,1920,1080,0,0,0,0,0,0,1,0
1612448823685,0.46927083333333336,0.8768518518518519,901,947,901,1049,1920,1080,0,0,0,0,0,0,1,0
1612448823735,0.46927083333333336,0.8768518518518519,901,947,901,1049,1920,1080,0,0,0,0,0,0,1,0
1612448824041,0.46927083333333336,0.8768518518518519,901,947,901,1049,1920,1080,0,0,0,0,0,0,1,0
1612448824092,0.46927083333333336,0.8768518518518519,901,947,901,1049,1920,1080,0,0,0,0,0,0,1,0
1612448824142,0.46927083333333336,0.8768518518518519,901,947,901,1049,1920,1080,0,0,0,0,0,0,1,0
1612448824193,0.46927083333333336,0.8768518518518519,901,947,901,1049,1920,1080,0,0,0,0,0,0,1,0
1612448824243,0.46927083333333336,0.8768518518518519,901,947,901,1049,1920,1080,0,0,0,0,0,0,1,0
1612448824294,0.46927083333333336,0.8768518518518519,901,947,901,1049,1920,1080,0,0,0,0,0,0,1,0
1612448824346,0.46927083333333336,0.8768518518518519,901,947,901,1049,1920,1080,0,0,0,0,0,0,1,0
1612448824396,0.46927083333333336,0.8768518518518519,901,947,901,1049,1920,1080,0,0,0,0,0,0,1,0
1612448824447,0.46927083333333336,0.8768518518518519,901,947,901,1049,1920,1080,0,0,0,0,0,0,1,0
1612448824498,0.46927083333333336,0.8768518518518519,901,947,901,1049,1920,1080,0,0,0,0,0,0,1,0
1612448824549,0.46927083333333336,0.8768518518518519,901,947,901,1049,1920,1080,0,0,0,0,0,0,1,0
1612448824599,0.46927083333333336,0.8768518518518519,901,947,901,1049,1920,1080,0,0,0,0,0,0,1,0
1612448824650,0.46927083333333336,0.8768518518518519,901,947,901,1049,1920,1080,0,0,0,0,0,0,1,0
1612448824702,0.46927083333333336,0.8768518518518519,901,947,901,1049,1920,1080,0,0,0,0,0,0,1,0
1612448825007,0.46927083333333336,0.8768518518518519,901,947,901,1049,1920,1080,0,0,0,0,0,0,1,0
1612448825058,0.46927083333333336,0.8768518518518519,901,947,901,1049,1920,1080,0,0,0,0,0,0,1,0
1612448825109,0.46927083333333336,0.8768518518518519,901,947,901,1049,1920,1080,0,0,0,0,0,0,1,0
1612448825160,0.46927083333333336,0.8768518518518519,901,947,901,1049,1920,1080,0,0,0,0,0,0,1,0
1612448825210,0.46927083333333336,0.8768518518518519,901,947,901,1049,1920,1080,0,0,0,0,0,0,1,0
1612448825261,0.46927083333333336,0.8768518518518519,901,947,901,1049,1920,1080,0,0,0,0,0,0,1,0
1612448825312,0.46927083333333336,0.8768518518518519,901,947,901,1049,1920,1080,0,0,0,0,0,0,1,0
1612448825364,0.46927083333333336,0.8768518518518519,901,947,901,1049,1920,1080,0,0,0,0,0,0,1,0
1612448825414,0.46927083333333336,0.8768518518518519,901,947,901,1049,1920,1080,0,0,0,0,0,0,1,0
1612448825465,0.46927083333333336,0.8768518518518519,901,947,901,1049,1920,1080,0,0,0,0,0,0,1,0
1612448825515,0.46927083333333336,0.8768518518518519,901,947,901,1049,1920,1080,0,0,0,0,0,0,1,0
1612448825566,0.46927083333333336,0.8768518518518519,901,947,901,1049,1920,1080,0,0,0,0,0,0,1,0
1612448825617,0.46927083333333336,0.8768518518518519,901,947,901,1049,1920,1080,0,0,0,0,0,0,1,0
1612448825669,0.46927083333333336,0.8768518518518519,901,947,901,1049,1920,1080,0,0,0,0,0,0,1,0
1612448825719,0.46927083333333336,0.8768518518518519,901,947,901,1049,1920,1080,0,0,0,0,0,0,1,0
1612448826025,0.46927083333333336,0.8768518518518519,901,947,901,1049,1920,1080,0,0,0,0,0,0,1,0
1612448826076,0.46927083333333336,0.8768518518518519,901,947,901,1049,1920,1080,0,0,0,0,0,0,1,0
1612448826126,0.46927083333333336,0.8768518518518519,901,947,901,1049,1920,1080,0,0,0,0,0,0,1,0
1612448826177,0.46927083333333336,0.8768518518518519,901,947,901,1049,1920,1080,0,0,0,0,0,0,1,0
1612448826228,0.46927083333333336,0.8768518518518519,901,947,901,1049,1920,1080,0,0,0,0,0,0,1,0
1612448826278,0.46927083333333336,0.8768518518518519,901,947,901,1049,1920,1080,0,0,0,0,0,0,1,0
1612448826329,0.46927083333333336,0.8768518518518519,901,947,901,1049,1920,1080,0,0,0,0,0,0,1,0
1612448826380,0.46927083333333336,0.8768518518518519,901,947,901,1049,1920,1080,0,0,0,0,0,0,1,0
1612448826432,0.46927083333333336,0.8768518518518519,901,947,901,1049,1920,1080,0,0,0,0,0,0,1,0
1612448826482,0.46927083333333336,0.8768518518518519,901,947,901,1049,1920,1080,0,0,0,0,0,0,1,0
1612448826533,0.46927083333333336,0.8768518518518519,901,947,901,1049,1920,1080,0,0,0,0,0,0,1,0
1612448826584,0.46927083333333336,0.8768518518518519,901,947,901,1049,1920,1080,0,0,0,0,0,0,1,0
1612448826635,0.46927083333333336,0.8768518518518519,901,947,901,1049,1920,1080,0,0,0,0,0,0,1,0
1612448826685,0.46927083333333336,0.8768518518518519,901,947,901,1049,1920,1080,0,0,0,0,0,0,1,0
1612448826737,0.46927083333333336,0.8768518518518519,901,947,901,1049,1920,1080,0,0,0,0,0,0,1,0
1612448827105,0.46927083333333336,0.8768518518518519,901,947,901,1049,1920,1080,0,0,0,0,0,0,1,0
1612448827156,0.46927083333333336,0.8768518518518519,901,947,901,1049,1920,1080,0,0,0,0,0,0,1,0
1612448827207,0.46927083333333336,0.8768518518518519,901,947,901,1049,1920,1080,0,0,0,0,0,0,1,0
1612448827258,0.46927083333333336,0.8768518518518519,901,947,901,1049,1920,1080,0,0,0,0,0,0,1,0
1612448828070,0.46927083333333336,0.8768518518518519,901,947,901,1049,1920,1080,0,0,0,0,0,0,1,0
1612448828120,0.46927083333333336,0.8768518518518519,901,947,901,1049,1920,1080,0,0,0,0,0,0,1,0
1612448828171,0.46927083333333336,0.8768518518518519,901,947,901,1049,1920,1080,0,0,0,0,0,0,1,0
1612448828222,0.46927083333333336,0.8768518518518519,901,947,901,1049,1920,1080,0,0,0,0,0,0,1,0
1612448828273,0.46927083333333336,0.8768518518518519,901,947,901,1049,1920,1080,0,0,0,0,0,0,1,0
1612448828323,0.46927083333333336,0.8768518518518519,901,947,901,1049,1920,1080,0,0,0,0,0,0,1,0
1612448828374,0.46927083333333336,0.8768518518518519,901,947,901,1049,1920,1080,0,0,0,0,0,0,1,0
1612448828425,0.46927083333333336,0.8768518518518519,901,947,901,1049,1920,1080,0,0,0,0,0,0,1,0
1612448828475,0.46927083333333336,0.8768518518518519,901,947,901,1049,1920,1080,0,0,0,0,0,0,1,0
1612448828526,0.46927083333333336,0.8768518518518519,901,947,901,1049,1920,1080,0,0,0,0,0,0,1,0
1612448828578,0.46927083333333336,0.8768518518518519,901,947,901,1049,1920,1080,0,0,0,0,0,0,1,0
1612448828628,0.46927083333333336,0.8768518518518519,901,947,901,1049,1920,1080,0,0,0,0,0,0,1,0
1612448828679,0.46927083333333336,0.8768518518518519,901,947,901,1049,1920,1080,0,0,0,0,0,0,1,0
1612448828730,0.46927083333333336,0.8768518518518519,901,947,901,1049,1920,1080,0,0,0,0,0,0,1,0
1612448828781,0.46927083333333336,0.8768518518518519,901,947,901,1049,1920,1080,0,0,0,0,0,0,1,0
1612448828832,0.46927083333333336,0.8768518518518519,901,947,901,1049,1920,1080,0,0,0,0,0,0,1,0
1612448829137,0.46927083333333336,0.8768518518518519,901,947,901,1049,1920,1080,0,0,0,0,0,0,1,0
1612448829188,0.46927083333333336,0.8768518518518519,901,947,901,1049,1920,1080,0,0,0,0,0,0,1,0
1612448829239,0.46927083333333336,0.8768518518518519,901,947,901,1049,1920,1080,0,0,0,0,0,0,1,0
1612448829290,0.46927083333333336,0.8768518518518519,901,947,901,1049,1920,1080,0,0,0,0,0,0,1,0
1612448829341,0.46927083333333336,0.8768518518518519,901,947,901,1049,1920,1080,0,0,0,0,0,0,1,0
1612448829391,0.46927083333333336,0.8768518518518519,901,947,901,1049,1920,1080,0,0,0,0,0,0,1,0
1612448829442,0.46927083333333336,0.8768518518518519,901,947,901,1049,1920,1080,0,0,0,0,0,0,1,0
1612448829493,0.46927083333333336,0.8768518518518519,901,947,901,1049,1920,1080,0,0,0,0,0,0,1,0
1612448829544,0.46927083333333336,0.8768518518518519,901,947,901,1049,1920,1080,0,0,0,0,0,0,1,0
1612448829595,0.46927083333333336,0.8768518518518519,901,947,901,1049,1920,1080,0,0,0,0,0,0,1,0
1612448829646,0.46927083333333336,0.8768518518518519,901,947,901,1049,1920,1080,0,0,0,0,0,0,1,0
1612448829696,0.46927083333333336,0.8768518518518519,901,947,901,1049,1920,1080,0,0,0,0,0,0,1,0
1612448829747,0.46927083333333336,0.8768518518518519,901,947,901,1049,1920,1080,0,0,0,0,0,0,1,0
1612448829798,0.46927083333333336,0.8768518518518519,901,947,901,1049,1920,1080,0,0,0,0,0,0,1,0
1612448830355,0.871875,0.013888888888888888,1674,15,1674,117,1920,1080,1,0,0,0,0,0,0,1
1612448830406,0.8515625,0.03611111111111111,1635,39,1635,141,1920,1080,0,0,0,0,0,0,0,1
1612448830457,0.846875,0.037037037037037035,1626,40,1626,142,1920,1080,0,0,0,0,0,0,0,1
1612448830508,0.84375,0.03333333333333333,1620,36,1620,138,1920,1080,0,0,0,0,0,0,0,1
1612448830558,0.8432291666666667,0.030555555555555555,1619,33,1619,135,1920,1080,0,0,0,0,0,0,0,1
1612448830608,0.8432291666666667,0.028703703703703703,1619,31,1619,133,1920,1080,0,0,0,0,0,0,0,1
1612448830660,0.8432291666666667,0.028703703703703703,1619,31,1619,133,1920,1080,0,0,0,0,0,0,0,1
1612448830710,0.8432291666666667,0.028703703703703703,1619,31,1619,133,1920,1080,0,0,0,0,0,0,0,1
1612448830761,0.8432291666666667,0.028703703703703703,1619,31,1619,133,1920,1080,0,0,0,0,0,0,0,1
1612448830812,0.8432291666666667,0.028703703703703703,1619,31,1619,133,1920,1080,0,0,0,0,0,0,0,1
1612448834572,0.42864583333333334,0.8268518518518518,823,893,823,995,1920,1080,0,0,0,1,0,0,0,0
1612448834628,0.4354166666666667,0.8518518518518519,836,920,836,1022,1920,1080,0,0,0,0,0,0,1,0
1612448834678,0.44583333333333336,0.8666666666666667,856,936,856,1038,1920,1080,0,0,0,0,0,0,1,0
1612448834729,0.4479166666666667,0.8703703703703703,860,940,860,1042,1920,1080,0,0,0,0,0,0,1,0
1612448834780,0.45,0.8740740740740741,864,944,864,1046,1920,1080,0,0,0,0,0,0,1,0
1612448834830,0.4473958333333333,0.8842592592592593,859,955,859,1057,1920,1080,0,0,0,0,0,0,1,0
1612448834881,0.4354166666666667,0.8888888888888888,836,960,836,1062,1920,1080,0,0,0,0,0,0,1,0
1612448834932,0.4328125,0.8888888888888888,831,960,831,1062,1920,1080,0,0,0,0,0,0,1,0
1612448834982,0.4322916666666667,0.8888888888888888,830,960,830,1062,1920,1080,0,0,0,0,0,0,1,0
1612448835033,0.4322916666666667,0.8888888888888888,830,960,830,1062,1920,1080,0,0,0,0,0,0,1,0
1612448835084,0.4317708333333333,0.8888888888888888,829,960,829,1062,1920,1080,0,0,0,0,0,0,1,0
1612448835135,0.4317708333333333,0.8888888888888888,829,960,829,1062,1920,1080,0,0,0,0,0,0,1,0
1612448835186,0.4354166666666667,0.8777777777777778,836,948,836,1050,1920,1080,0,0,0,0,0,0,1,0
1612448835243,0.4734375,0.8472222222222222,909,915,909,1017,1920,1080,0,0,0,0,0,0,1,0
1612448835547,0.5541666666666667,0.8805555555555555,1064,951,1064,1053,1920,1080,0,0,0,0,0,0,1,0
1612448835598,0.5713541666666667,0.8814814814814815,1097,952,1097,1054,1920,1080,0,0,0,0,0,0,1,0
1612448835650,0.578125,0.8814814814814815,1110,952,1110,1054,1920,1080,0,0,0,0,0,0,1,0
1612448835700,0.5786458333333333,0.8814814814814815,1111,952,1111,1054,1920,1080,0,0,0,0,0,0,1,0
1612448835751,0.5786458333333333,0.8814814814814815,1111,952,1111,1054,1920,1080,0,0,0,0,0,0,1,0
1612448835802,0.5786458333333333,0.8814814814814815,1111,952,1111,1054,1920,1080,0,0,0,0,0,0,1,0
1612448835852,0.5786458333333333,0.8814814814814815,1111,952,1111,1054,1920,1080,0,0,0,0,0,0,1,0
1612448835905,0.5786458333333333,0.8814814814814815,1111,952,1111,1054,1920,1080,0,0,0,0,0,0,1,0
1612448835956,0.5786458333333333,0.8814814814814815,1111,952,1111,1054,1920,1080,0,0,0,0,0,0,1,0
1612448836008,0.5786458333333333,0.8814814814814815,1111,952,1111,1054,1920,1080,0,0,0,0,0,0,1,0
1612448836059,0.5786458333333333,0.8814814814814815,1111,952,1111,1054,1920,1080,0,0,0,0,0,0,1,0
1612448867121,0.4505208333333333,0.85,865,918,865,1020,1920,1080,0,0,0,0,0,0,1,0
1612448867172,0.45729166666666665,0.8574074074074074,878,926,878,1028,1920,1080,0,0,0,0,0,0,1,0
1612448867223,0.45989583333333334,0.862037037037037,883,931,883,1033,1920,1080,0,0,0,0,0,0,1,0
1612448867274,0.45989583333333334,0.862037037037037,883,931,883,1033,1920,1080,0,0,0,0,0,0,1,0
1612448867325,0.45989583333333334,0.862037037037037,883,931,883,1033,1920,1080,0,0,0,0,0,0,1,0
1612448867376,0.45989583333333334,0.862037037037037,883,931,883,1033,1920,1080,0,0,0,0,0,0,1,0
1612448867427,0.45989583333333334,0.862037037037037,883,931,883,1033,1920,1080,0,0,0,0,0,0,1,0
1612448867477,0.45989583333333334,0.862037037037037,883,931,883,1033,1920,1080,0,0,0,0,0,0,1,0
1612448867529,0.45989583333333334,0.862037037037037,883,931,883,1033,1920,1080,0,0,0,0,0,0,1,0
1612448867581,0.45989583333333334,0.862037037037037,883,931,883,1033,1920,1080,0,0,0,0,0,0,1,0
1612448867632,0.45989583333333334,0.862037037037037,883,931,883,1033,1920,1080,0,0,0,0,0,0,1,0
1612448867682,0.45989583333333334,0.862037037037037,883,931,883,1033,1920,1080,0,0,0,0,0,0,1,0
1612448868157,0.45989583333333334,0.862037037037037,883,931,883,1033,1920,1080,0,0,0,0,0,0,1,0
1612448868454,0.45989583333333334,0.862037037037037,883,931,883,1033,1920,1080,0,0,0,0,0,0,1,0
1612448868505,0.45989583333333334,0.862037037037037,883,931,883,1033,1920,1080,0,0,0,0,0,0,1,0
1612448868557,0.45989583333333334,0.862037037037037,883,931,883,1033,1920,1080,0,0,0,0,0,0,1,0
1612448868608,0.46041666666666664,0.8638888888888889,884,933,884,1035,1920,1080,0,0,0,0,0,0,1,0
1612448868658,0.4625,0.8657407407407407,888,935,888,1037,1920,1080,0,0,0,0,0,0,1,0
1612448868710,0.4625,0.8657407407407407,888,935,888,1037,1920,1080,0,0,0,0,0,0,1,0
1612448868760,0.4640625,0.8675925925925926,891,937,891,1039,1920,1080,0,0,0,0,0,0,1,0
1612448868811,0.4661458333333333,0.8703703703703703,895,940,895,1042,1920,1080,0,0,0,0,0,0,1,0
1612448869118,0.46875,0.8722222222222222,900,942,900,1044,1920,1080,0,0,0,0,0,0,1,0
1612448869168,0.46875,0.8722222222222222,900,942,900,1044,1920,1080,0,0,0,0,0,0,1,0
1612448869220,0.46875,0.8722222222222222,900,942,900,1044,1920,1080,0,0,0,0,0,0,1,0
1612448869271,0.46875,0.8722222222222222,900,942,900,1044,1920,1080,0,0,0,0,0,0,1,0
1612448869322,0.46875,0.8722222222222222,900,942,900,1044,1920,1080,0,0,0,0,0,0,1,0
1612448869373,0.46875,0.8722222222222222,900,942,900,1044,1920,1080,1,0,0,0,0,0,1,0
1612448869424,0.46875,0.8722222222222222,900,942,900,1044,1920,1080,0,0,0,0,0,0,1,0
1612448869475,0.46875,0.8722222222222222,900,942,900,1044,1920,1080,0,0,0,0,0,0,1,0
1612448869526,0.46875,0.8722222222222222,900,942,900,1044,1920,1080,0,0,0,0,0,0,1,0
1612448869577,0.46875,0.8722222222222222,900,942,900,1044,1920,1080,0,0,0,0,0,0,1,0
1612448869627,0.46875,0.8722222222222222,900,942,900,1044,1920,1080,0,0,0,0,0,0,1,0
1612448869678,0.46875,0.8722222222222222,900,942,900,1044,1920,1080,0,0,0,0,0,0,1,0
1612448869729,0.4734375,0.875,909,945,909,1047,1920,1080,0,0,0,0,0,0,1,0
1612448869780,0.4739583333333333,0.875,910,945,910,1047,1920,1080,0,0,0,0,0,0,1,0
1612448869831,0.4739583333333333,0.875,910,945,910,1047,1920,1080,0,0,0,0,0,0,1,0
1612448869118,0.46875,0.8722222222222222,900,942,900,1044,1920,1080,0,0,0,0,0,0,1,0
1612448869168,0.46875,0.8722222222222222,900,942,900,1044,1920,1080,0,0,0,0,0,0,1,0
1612448869220,0.46875,0.8722222222222222,900,942,900,1044,1920,1080,0,0,0,0,0,0,1,0
1612448869271,0.46875,0.8722222222222222,900,942,900,1044,1920,1080,0,0,0,0,0,0,1,0
1612448869322,0.46875,0.8722222222222222,900,942,900,1044,1920,1080,0,0,0,0,0,0,1,0
1612448869373,0.46875,0.8722222222222222,900,942,900,1044,1920,1080,1,0,0,0,0,0,1,0
1612448869424,0.46875,0.8722222222222222,900,942,900,1044,1920,1080,0,0,0,0,0,0,1,0
1612448869475,0.46875,0.8722222222222222,900,942,900,1044,1920,1080,0,0,0,0,0,0,1,0
1612448869526,0.46875,0.8722222222222222,900,942,900,1044,1920,1080,0,0,0,0,0,0,1,0
1612448869577,0.46875,0.8722222222222222,900,942,900,1044,1920,1080,0,0,0,0,0,0,1,0
1612448869627,0.46875,0.8722222222222222,900,942,900,1044,1920,1080,0,0,0,0,0,0,1,0
1612448869678,0.46875,0.8722222222222222,900,942,900,1044,1920,1080,0,0,0,0,0,0,1,0
1612448869729,0.4734375,0.875,909,945,909,1047,1920,1080,0,0,0,0,0,0,1,0
1612448869780,0.4739583333333333,0.875,910,945,910,1047,1920,1080,0,0,0,0,0,0,1,0
1612448869831,0.4739583333333333,0.875,910,945,910,1047,1920,1080,0,0,0,0,0,0,1,0
1612448869882,0.4739583333333333,0.875,910,945,910,1047,1920,1080,0,0,0,0,0,0,1,0
1612448869935,0.4739583333333333,0.875,910,945,910,1047,1920,1080,0,0,0,0,0,0,1,0
1612448869988,0.4739583333333333,0.875,910,945,910,1047,1920,1080,0,0,0,0,0,0,1,0
1612448870040,0.4739583333333333,0.875,910,945,910,1047,1920,1080,0,0,0,0,0,0,1,0
1612448870090,0.4739583333333333,0.875,910,945,910,1047,1920,1080,0,0,0,0,0,0,1,0
1612448880387,0.4739583333333333,0.8805555555555555,910,951,910,1053,1920,1080,0,0,0,1,0,0,0,0
1612448880490,0.4765625,0.8805555555555555,915,951,915,1053,1920,1080,0,0,0,1,0,0,0,0
1612448880541,0.4822916666666667,0.8814814814814815,926,952,926,1054,1920,1080,0,0,0,0,0,0,1,0
1612448880592,0.4822916666666667,0.8814814814814815,926,952,926,1054,1920,1080,0,0,0,0,0,0,1,0
1612448880643,0.48333333333333334,0.8814814814814815,928,952,928,1054,1920,1080,0,0,0,0,0,0,1,0
1612448880694,0.48333333333333334,0.8814814814814815,928,952,928,1054,1920,1080,0,0,0,0,0,0,1,0
1612448880744,0.48333333333333334,0.8814814814814815,928,952,928,1054,1920,1080,0,0,0,0,0,0,1,0
1612448880795,0.48333333333333334,0.8814814814814815,928,952,928,1054,1920,1080,0,0,0,0,0,0,1,0
1612448880846,0.48489583333333336,0.8814814814814815,931,952,931,1054,1920,1080,0,0,0,0,0,0,1,0
1612448880897,0.5052083333333334,0.850925925925926,970,919,970,1021,1920,1080,0,0,0,0,0,0,1,0
1612448880948,0.5333333333333333,0.7527777777777778,1024,813,1024,915,1920,1080,0,0,0,1,0,0,0,0
1612448880998,0.5578125,0.6398148148148148,1071,691,1071,793,1920,1080,0,0,0,1,0,0,0,0
1612448881049,0.5578125,0.6398148148148148,1071,691,1071,793,1920,1080,0,0,0,1,0,0,0,0
1612448881355,0.5578125,0.6398148148148148,1071,691,1071,793,1920,1080,0,0,0,1,0,0,0,0
1612448881405,0.5578125,0.6398148148148148,1071,691,1071,793,1920,1080,0,0,0,1,0,0,0,0
1612448881456,0.5848958333333333,0.5231481481481481,1123,565,1123,667,1920,1080,0,0,0,0,1,0,0,0
1612448881507,0.7057291666666666,0.20833333333333334,1355,225,1355,327,1920,1080,0,0,0,1,0,0,0,0
1612448882617,0.8026041666666667,0.019444444444444445,1541,21,1541,123,1920,1080,1,0,0,0,0,0,0,1
1612448882668,0.7463541666666667,0.22777777777777777,1433,246,1433,348,1920,1080,0,0,0,1,0,0,0,0
1612448882720,0.7270833333333333,0.32222222222222224,1396,348,1396,450,1920,1080,0,0,0,1,0,0,0,0
1612448882770,0.725,0.3287037037037037,1392,355,1392,457,1920,1080,0,0,0,1,0,0,0,0
1612448882822,0.725,0.3287037037037037,1392,355,1392,457,1920,1080,0,0,0,1,0,0,0,0
1612448882873,0.725,0.3287037037037037,1392,355,1392,457,1920,1080,0,0,0,1,0,0,0,0
1612448882923,0.725,0.3287037037037037,1392,355,1392,457,1920,1080,0,0,0,1,0,0,0,0
1612448882973,0.725,0.3287037037037037,1392,355,1392,457,1920,1080,0,0,0,1,0,0,0,0
1612448883024,0.725,0.3287037037037037,1392,355,1392,457,1920,1080,0,0,0,1,0,0,0,0
1612448883075,0.725,0.3287037037037037,1392,355,1392,457,1920,1080,0,0,0,1,0,0,0,0
1612448883126,0.725,0.3287037037037037,1392,355,1392,457,1920,1080,0,0,0,1,0,0,0,0
1612448890445,0.5838541666666667,0.5703703703703704,1121,616,1121,718,1920,1080,0,0,0,0,1,0,0,0
1612448890496,0.5098958333333333,0.7203703703703703,979,778,979,880,1920,1080,0,0,0,1,0,0,0,0
1612448890547,0.4479166666666667,0.8,860,864,860,966,1920,1080,0,0,0,1,0,0,0,0
1612448890598,0.4354166666666667,0.812962962962963,836,878,836,980,1920,1080,0,0,0,1,0,0,0,0
1612448890649,0.434375,0.8148148148148148,834,880,834,982,1920,1080,0,0,0,1,0,0,0,0
1612448890699,0.44114583333333335,0.8472222222222222,847,915,847,1017,1920,1080,0,0,0,0,0,0,1,0
1612448890750,0.4484375,0.8638888888888889,861,933,861,1035,1920,1080,0,0,0,0,0,0,1,0
1612448890801,0.4713541666666667,0.8731481481481481,905,943,905,1045,1920,1080,0,0,0,0,0,0,1,0
1612448890852,0.48541666666666666,0.8694444444444445,932,939,932,1041,1920,1080,0,0,0,0,0,0,1,0
1612448890902,0.4869791666666667,0.8694444444444445,935,939,935,1041,1920,1080,0,0,0,0,0,0,1,0
1612448890954,0.490625,0.8694444444444445,942,939,942,1041,1920,1080,0,0,0,0,0,0,1,0
1612448891004,0.49166666666666664,0.8694444444444445,944,939,944,1041,1920,1080,0,0,0,0,0,0,1,0
1612448891056,0.49166666666666664,0.8694444444444445,944,939,944,1041,1920,1080,0,0,0,0,0,0,1,0
1612448891106,0.49166666666666664,0.8694444444444445,944,939,944,1041,1920,1080,0,0,0,0,0,0,1,0
1612448891412,0.49166666666666664,0.8694444444444445,944,939,944,1041,1920,1080,0,0,0,0,0,0,1,0
1612448891463,0.49166666666666664,0.8694444444444445,944,939,944,1041,1920,1080,0,0,0,0,0,0,1,0
1612448891513,0.49166666666666664,0.8694444444444445,944,939,944,1041,1920,1080,0,0,0,0,0,0,1,0
1612448891564,0.49166666666666664,0.8694444444444445,944,939,944,1041,1920,1080,0,0,0,0,0,0,1,0
1612448891616,0.49166666666666664,0.8694444444444445,944,939,944,1041,1920,1080,0,0,0,0,0,0,1,0
1612448958357,0.45677083333333335,0.8722222222222222,877,942,877,1044,1920,1080,0,0,0,0,0,0,1,0
1612448958407,0.45677083333333335,0.8722222222222222,877,942,877,1044,1920,1080,0,0,0,0,0,0,1,0
1612448958568,0.45677083333333335,0.8722222222222222,877,942,877,1044,1920,1080,0,0,0,0,0,0,1,0
1612448958620,0.45989583333333334,0.8722222222222222,883,942,883,1044,1920,1080,0,0,0,0,0,0,1,0
1612448958672,0.46041666666666664,0.8722222222222222,884,942,884,1044,1920,1080,0,0,0,0,0,0,1,0
1612448958723,0.46145833333333336,0.8722222222222222,886,942,886,1044,1920,1080,0,0,0,0,0,0,1,0
1612448958773,0.46145833333333336,0.8722222222222222,886,942,886,1044,1920,1080,0,0,0,0,0,0,1,0
1612448959033,0.4739583333333333,0.8740740740740741,910,944,910,1046,1920,1080,0,0,0,0,0,0,1,0
1612448959103,0.4739583333333333,0.8740740740740741,910,944,910,1046,1920,1080,0,0,0,0,0,0,1,0
1612448959160,0.4739583333333333,0.8740740740740741,910,944,910,1046,1920,1080,0,0,0,0,0,0,1,0
1612448959232,0.4739583333333333,0.8740740740740741,910,944,910,1046,1920,1080,0,0,0,0,0,0,1,0
1612448959282,0.4739583333333333,0.8740740740740741,910,944,910,1046,1920,1080,0,0,0,0,0,0,1,0
1612448959334,0.4739583333333333,0.8740740740740741,910,944,910,1046,1920,1080,0,0,0,0,0,0,1,0
1612448959385,0.4739583333333333,0.8740740740740741,910,944,910,1046,1920,1080,0,0,0,0,0,0,1,0
1612448959435,0.4739583333333333,0.8740740740740741,910,944,910,1046,1920,1080,0,0,0,0,0,0,1,0
1612448959486,0.4739583333333333,0.8740740740740741,910,944,910,1046,1920,1080,0,0,0,0,0,0,1,0
1612448959537,0.4739583333333333,0.8740740740740741,910,944,910,1046,1920,1080,0,0,0,0,0,0,1,0
1612448959588,0.4739583333333333,0.8740740740740741,910,944,910,1046,1920,1080,0,0,0,0,0,0,1,0
1612448959639,0.4739583333333333,0.8740740740740741,910,944,910,1046,1920,1080,0,0,0,0,0,0,1,0
1612448959690,0.4739583333333333,0.8740740740740741,910,944,910,1046,1920,1080,0,0,0,0,0,0,1,0
1612448959740,0.4739583333333333,0.8740740740740741,910,944,910,1046,1920,1080,0,0,0,0,0,0,1,0
1612448960045,0.4739583333333333,0.8722222222222222,910,942,910,1044,1920,1080,0,0,0,0,0,0,1,0
1612448960096,0.4739583333333333,0.8722222222222222,910,942,910,1044,1920,1080,0,0,0,0,0,0,1,0
1612448960146,0.4739583333333333,0.8722222222222222,910,942,910,1044,1920,1080,0,0,0,0,0,0,1,0
1612448960197,0.4739583333333333,0.8722222222222222,910,942,910,1044,1920,1080,0,0,0,0,0,0,1,0
1612448960247,0.4739583333333333,0.8712962962962963,910,941,910,1043,1920,1080,0,0,0,0,0,0,1,0
1612448960299,0.4739583333333333,0.8712962962962963,910,941,910,1043,1920,1080,0,0,0,0,0,0,1,0
1612448960349,0.4739583333333333,0.8712962962962963,910,941,910,1043,1920,1080,0,0,0,0,0,0,1,0
1612448960400,0.4739583333333333,0.8712962962962963,910,941,910,1043,1920,1080,0,0,0,0,0,0,1,0
1612448960451,0.4739583333333333,0.8712962962962963,910,941,910,1043,1920,1080,0,0,0,0,0,0,1,0
1612448960501,0.4739583333333333,0.8712962962962963,910,941,910,1043,1920,1080,0,0,0,0,0,0,1,0
1612448960552,0.4739583333333333,0.8712962962962963,910,941,910,1043,1920,1080,0,0,0,0,0,0,1,0
1612448960603,0.4739583333333333,0.8712962962962963,910,941,910,1043,1920,1080,0,0,0,0,0,0,1,0
1612448960654,0.4739583333333333,0.8712962962962963,910,941,910,1043,1920,1080,0,0,0,0,0,0,1,0
1612448960705,0.4739583333333333,0.8712962962962963,910,941,910,1043,1920,1080,0,0,0,0,0,0,1,0
1612448960756,0.4739583333333333,0.8712962962962963,910,941,910,1043,1920,1080,0,0,0,0,0,0,1,0
1612448961060,0.4739583333333333,0.8712962962962963,910,941,910,1043,1920,1080,0,0,0,0,0,0,1,0
1612448961111,0.4739583333333333,0.8712962962962963,910,941,910,1043,1920,1080,0,0,0,0,0,0,1,0
1612448961161,0.4739583333333333,0.8712962962962963,910,941,910,1043,1920,1080,0,0,0,0,0,0,1,0
1612448961212,0.4739583333333333,0.8712962962962963,910,941,910,1043,1920,1080,0,0,0,0,0,0,1,0
1612448961262,0.4739583333333333,0.8712962962962963,910,941,910,1043,1920,1080,0,0,0,0,0,0,1,0
1612448961313,0.4739583333333333,0.8712962962962963,910,941,910,1043,1920,1080,0,0,0,0,0,0,1,0
1612448961364,0.4739583333333333,0.8712962962962963,910,941,910,1043,1920,1080,0,0,0,0,0,0,1,0
1612448961414,0.4739583333333333,0.8712962962962963,910,941,910,1043,1920,1080,0,0,0,0,0,0,1,0
1612448961465,0.4739583333333333,0.8712962962962963,910,941,910,1043,1920,1080,0,0,0,0,0,0,1,0
1612448961516,0.4739583333333333,0.8712962962962963,910,941,910,1043,1920,1080,0,0,0,0,0,0,1,0
1612448961567,0.4739583333333333,0.8712962962962963,910,941,910,1043,1920,1080,0,0,0,0,0,0,1,0
1612448961618,0.4739583333333333,0.8712962962962963,910,941,910,1043,1920,1080,0,0,0,0,0,0,1,0
1612448961668,0.4739583333333333,0.8712962962962963,910,941,910,1043,1920,1080,0,0,0,0,0,0,1,0
1612448961719,0.4739583333333333,0.8712962962962963,910,941,910,1043,1920,1080,0,0,0,0,0,0,1,0
1612448961770,0.4739583333333333,0.8712962962962963,910,941,910,1043,1920,1080,0,0,0,0,0,0,1,0
1612448962075,0.4739583333333333,0.8712962962962963,910,941,910,1043,1920,1080,0,0,0,0,0,0,1,0
1612448962127,0.4739583333333333,0.8712962962962963,910,941,910,1043,1920,1080,0,0,0,0,0,0,1,0
1612448962177,0.4739583333333333,0.8712962962962963,910,941,910,1043,1920,1080,0,0,0,0,0,0,1,0
1612448962227,0.4739583333333333,0.8712962962962963,910,941,910,1043,1920,1080,0,0,0,0,0,0,1,0
1612448962279,0.4739583333333333,0.8712962962962963,910,941,910,1043,1920,1080,0,0,0,0,0,0,1,0
1612448962329,0.4739583333333333,0.8712962962962963,910,941,910,1043,1920,1080,0,0,0,0,0,0,1,0
1612448962380,0.4739583333333333,0.8712962962962963,910,941,910,1043,1920,1080,0,0,0,0,0,0,1,0
1612448962431,0.4739583333333333,0.8712962962962963,910,941,910,1043,1920,1080,0,0,0,0,0,0,1,0
1612448962481,0.4739583333333333,0.8712962962962963,910,941,910,1043,1920,1080,0,0,0,0,0,0,1,0
1612448962531,0.4739583333333333,0.8712962962962963,910,941,910,1043,1920,1080,0,0,0,0,0,0,1,0
1612448962583,0.4739583333333333,0.8712962962962963,910,941,910,1043,1920,1080,0,0,0,0,0,0,1,0
1612448962633,0.4739583333333333,0.8712962962962963,910,941,910,1043,1920,1080,0,0,0,0,0,0,1,0
1612448962684,0.4739583333333333,0.8712962962962963,910,941,910,1043,1920,1080,0,0,0,0,0,0,1,0
1612448962734,0.4739583333333333,0.8712962962962963,910,941,910,1043,1920,1080,0,0,0,0,0,0,1,0
1612448962785,0.4739583333333333,0.8712962962962963,910,941,910,1043,1920,1080,0,0,0,0,0,0,1,0
1612448963090,0.4739583333333333,0.8712962962962963,910,941,910,1043,1920,1080,0,0,0,0,0,0,1,0
1612448963140,0.4739583333333333,0.8712962962962963,910,941,910,1043,1920,1080,0,0,0,0,0,0,1,0
1612448963191,0.4739583333333333,0.8712962962962963,910,941,910,1043,1920,1080,0,0,0,0,0,0,1,0
1612448963242,0.4739583333333333,0.8712962962962963,910,941,910,1043,1920,1080,0,0,0,0,0,0,1,0
1612448963292,0.4739583333333333,0.8712962962962963,910,941,910,1043,1920,1080,0,0,0,0,0,0,1,0
1612448963344,0.4739583333333333,0.8712962962962963,910,941,910,1043,1920,1080,0,0,0,0,0,0,1,0
1612448963394,0.4739583333333333,0.8712962962962963,910,941,910,1043,1920,1080,0,0,0,0,0,0,1,0
1612448963445,0.4739583333333333,0.8712962962962963,910,941,910,1043,1920,1080,0,0,0,0,0,0,1,0
1612448963495,0.4739583333333333,0.8712962962962963,910,941,910,1043,1920,1080,0,0,0,0,0,0,1,0
1612448963546,0.4739583333333333,0.8712962962962963,910,941,910,1043,1920,1080,0,0,0,0,0,0,1,0
1612448963596,0.4739583333333333,0.8712962962962963,910,941,910,1043,1920,1080,0,0,0,0,0,0,1,0
1612448963647,0.4739583333333333,0.8712962962962963,910,941,910,1043,1920,1080,0,0,0,0,0,0,1,0
1612448963698,0.4739583333333333,0.8712962962962963,910,941,910,1043,1920,1080,0,0,0,0,0,0,1,0
1612448963749,0.4739583333333333,0.8712962962962963,910,941,910,1043,1920,1080,0,0,0,0,0,0,1,0
1612448963800,0.4739583333333333,0.8712962962962963,910,941,910,1043,1920,1080,0,0,0,0,0,0,1,0
1612448964104,0.4739583333333333,0.8712962962962963,910,941,910,1043,1920,1080,0,0,0,0,0,0,1,0
1612448964156,0.4739583333333333,0.8712962962962963,910,941,910,1043,1920,1080,0,0,0,0,0,0,1,0
1612448964206,0.4739583333333333,0.8712962962962963,910,941,910,1043,1920,1080,0,0,0,0,0,0,1,0
1612448964257,0.4739583333333333,0.8712962962962963,910,941,910,1043,1920,1080,0,0,0,0,0,0,1,0
1612448964307,0.4744791666666667,0.8703703703703703,911,940,911,1042,1920,1080,0,0,0,0,0,0,1,0
1612448964359,0.4786458333333333,0.8703703703703703,919,940,919,1042,1920,1080,0,0,0,0,0,0,1,0
1612448964408,0.4786458333333333,0.8703703703703703,919,940,919,1042,1920,1080,0,0,0,0,0,0,1,0
1612448964460,0.4786458333333333,0.8703703703703703,919,940,919,1042,1920,1080,0,0,0,0,0,0,1,0
1612448964511,0.4786458333333333,0.8703703703703703,919,940,919,1042,1920,1080,0,0,0,0,0,0,1,0
1612448964562,0.4786458333333333,0.8703703703703703,919,940,919,1042,1920,1080,0,0,0,0,0,0,1,0
1612448964612,0.4786458333333333,0.8703703703703703,919,940,919,1042,1920,1080,0,0,0,0,0,0,1,0
1612448964663,0.4786458333333333,0.8703703703703703,919,940,919,1042,1920,1080,0,0,0,0,0,0,1,0
1612448964714,0.4786458333333333,0.8703703703703703,919,940,919,1042,1920,1080,0,0,0,0,0,0,1,0
1612448964765,0.4786458333333333,0.8703703703703703,919,940,919,1042,1920,1080,0,0,0,0,0,0,1,0
1612448964815,0.4786458333333333,0.8703703703703703,919,940,919,1042,1920,1080,0,0,0,0,0,0,1,0
1612448965171,0.4786458333333333,0.8703703703703703,919,940,919,1042,1920,1080,0,0,0,0,0,0,1,0
1612448965221,0.4786458333333333,0.8703703703703703,919,940,919,1042,1920,1080,0,0,0,0,0,0,1,0
1612448965273,0.4786458333333333,0.8703703703703703,919,940,919,1042,1920,1080,0,0,0,0,0,0,1,0
1612448965324,0.4786458333333333,0.8703703703703703,919,940,919,1042,1920,1080,0,0,0,0,0,0,1,0
1612448965374,0.4786458333333333,0.8703703703703703,919,940,919,1042,1920,1080,0,0,0,0,0,0,1,0
1612448965425,0.4786458333333333,0.8703703703703703,919,940,919,1042,1920,1080,0,0,0,0,0,0,1,0
1612448965476,0.4786458333333333,0.8703703703703703,919,940,919,1042,1920,1080,0,0,0,0,0,0,1,0
1612448965527,0.4786458333333333,0.8703703703703703,919,940,919,1042,1920,1080,0,0,0,0,0,0,1,0
1612448965577,0.4786458333333333,0.8703703703703703,919,940,919,1042,1920,1080,0,0,0,0,0,0,1,0
1612448965628,0.4786458333333333,0.8703703703703703,919,940,919,1042,1920,1080,0,0,0,0,0,0,1,0
1612448965682,0.4786458333333333,0.8703703703703703,919,940,919,1042,1920,1080,0,0,0,0,0,0,1,0
1612448965733,0.4786458333333333,0.8703703703703703,919,940,919,1042,1920,1080,0,0,0,0,0,0,1,0
1612448965784,0.4786458333333333,0.8703703703703703,919,940,919,1042,1920,1080,0,0,0,0,0,0,1,0
1612448965834,0.4786458333333333,0.8703703703703703,919,940,919,1042,1920,1080,0,0,0,0,0,0,1,0
1612448975527,0.459375,0.8768518518518519,882,947,882,1049,1920,1080,0,0,0,0,0,0,1,0
1612448975579,0.459375,0.8768518518518519,882,947,882,1049,1920,1080,0,0,0,0,0,0,1,0
1612448975761,0.459375,0.8768518518518519,882,947,882,1049,1920,1080,0,0,0,0,0,0,1,0
1612448975812,0.46197916666666666,0.8759259259259259,887,946,887,1048,1920,1080,0,0,0,0,0,0,1,0
1612448975863,0.46197916666666666,0.8759259259259259,887,946,887,1048,1920,1080,0,0,0,0,0,0,1,0
1612448975914,0.46197916666666666,0.8759259259259259,887,946,887,1048,1920,1080,0,0,0,0,0,0,1,0
1612448975964,0.46197916666666666,0.8759259259259259,887,946,887,1048,1920,1080,0,0,0,0,0,0,1,0
1612448976015,0.46197916666666666,0.8759259259259259,887,946,887,1048,1920,1080,0,0,0,0,0,0,1,0
1612448976066,0.46197916666666666,0.8759259259259259,887,946,887,1048,1920,1080,0,0,0,0,0,0,1,0
1612448976370,0.47604166666666664,0.8666666666666667,914,936,914,1038,1920,1080,0,0,0,0,0,0,1,0
1612448976421,0.4786458333333333,0.8666666666666667,919,936,919,1038,1920,1080,0,0,0,0,0,0,1,0
1612448976473,0.48125,0.8666666666666667,924,936,924,1038,1920,1080,0,0,0,0,0,0,1,0
1612448976523,0.48125,0.8666666666666667,924,936,924,1038,1920,1080,0,0,0,0,0,0,1,0
1612448976573,0.48125,0.8666666666666667,924,936,924,1038,1920,1080,0,0,0,0,0,0,1,0
1612448976625,0.48125,0.8666666666666667,924,936,924,1038,1920,1080,0,0,0,0,0,0,1,0
1612448976675,0.48125,0.8666666666666667,924,936,924,1038,1920,1080,0,0,0,0,0,0,1,0
1612448976725,0.48125,0.8666666666666667,924,936,924,1038,1920,1080,0,0,0,0,0,0,1,0
1612448976777,0.48125,0.8666666666666667,924,936,924,1038,1920,1080,0,0,0,0,0,0,1,0
1612448976827,0.48125,0.8666666666666667,924,936,924,1038,1920,1080,0,0,0,0,0,0,1,0
1612449036239,0.459375,0.8712962962962963,882,941,882,1043,1920,1080,0,0,0,0,0,0,1,0
1612449036290,0.459375,0.8712962962962963,882,941,882,1043,1920,1080,0,0,0,0,0,0,1,0
1612449036483,0.459375,0.8712962962962963,882,941,882,1043,1920,1080,0,0,0,0,0,0,1,0
1612449036533,0.459375,0.8712962962962963,882,941,882,1043,1920,1080,0,0,0,0,0,0,1,0
1612449036584,0.459375,0.8712962962962963,882,941,882,1043,1920,1080,0,0,0,0,0,0,1,0
1612449036635,0.459375,0.8712962962962963,882,941,882,1043,1920,1080,0,0,0,0,0,0,1,0
1612449036687,0.459375,0.8712962962962963,882,941,882,1043,1920,1080,0,0,0,0,0,0,1,0
1612449037050,0.459375,0.8712962962962963,882,941,882,1043,1920,1080,0,0,0,0,0,0,1,0
1612449037101,0.459375,0.8712962962962963,882,941,882,1043,1920,1080,0,0,0,0,0,0,1,0
1612449037151,0.459375,0.8712962962962963,882,941,882,1043,1920,1080,0,0,0,0,0,0,1,0
1612449037201,0.459375,0.8712962962962963,882,941,882,1043,1920,1080,0,0,0,0,0,0,1,0
1612449037252,0.459375,0.8712962962962963,882,941,882,1043,1920,1080,0,0,0,0,0,0,1,0
1612449037304,0.459375,0.8712962962962963,882,941,882,1043,1920,1080,0,0,0,0,0,0,1,0
1612449037354,0.459375,0.8712962962962963,882,941,882,1043,1920,1080,0,0,0,0,0,0,1,0
1612449037405,0.459375,0.8712962962962963,882,941,882,1043,1920,1080,0,0,0,0,0,0,1,0
1612449037461,0.459375,0.8712962962962963,882,941,882,1043,1920,1080,0,0,0,0,0,0,1,0
1612449037512,0.459375,0.8712962962962963,882,941,882,1043,1920,1080,0,0,0,0,0,0,1,0
1612449037563,0.459375,0.8712962962962963,882,941,882,1043,1920,1080,0,0,0,0,0,0,1,0
1612449039384,0.459375,0.8712962962962963,882,941,882,1043,1920,1080,0,0,0,0,0,0,1,0
1612449039436,0.459375,0.8712962962962963,882,941,882,1043,1920,1080,0,0,0,0,0,0,1,0
1612449039487,0.459375,0.8712962962962963,882,941,882,1043,1920,1080,0,0,0,0,0,0,1,0
1612449039537,0.459375,0.8712962962962963,882,941,882,1043,1920,1080,0,0,0,0,0,0,1,0
1612449039588,0.459375,0.8712962962962963,882,941,882,1043,1920,1080,0,0,0,0,0,0,1,0
1612449039639,0.459375,0.8712962962962963,882,941,882,1043,1920,1080,0,0,0,0,0,0,1,0
1612449039689,0.459375,0.8712962962962963,882,941,882,1043,1920,1080,0,0,0,0,0,0,1,0
1612449039740,0.459375,0.8712962962962963,882,941,882,1043,1920,1080,0,0,0,0,0,0,1,0
1612449039791,0.459375,0.8712962962962963,882,941,882,1043,1920,1080,0,0,0,0,0,0,1,0
1612449039841,0.459375,0.8712962962962963,882,941,882,1043,1920,1080,0,0,0,0,0,0,1,0
1612449039892,0.459375,0.8712962962962963,882,941,882,1043,1920,1080,0,0,0,0,0,0,1,0
1612449039944,0.459375,0.8712962962962963,882,941,882,1043,1920,1080,0,0,0,0,0,0,1,0
1612449039994,0.459375,0.8712962962962963,882,941,882,1043,1920,1080,0,0,0,0,0,0,1,0
1612449040045,0.459375,0.8712962962962963,882,941,882,1043,1920,1080,0,0,0,0,0,0,1,0
1612449040353,0.4979166666666667,0.899074074074074,956,971,956,1073,1920,1080,0,0,0,0,0,0,1,0
1612449040404,0.4984375,0.899074074074074,957,971,957,1073,1920,1080,0,0,0,0,0,0,1,0
1612449040454,0.4973958333333333,0.8805555555555555,955,951,955,1053,1920,1080,0,0,0,0,0,0,1,0
1612449040505,0.4953125,0.8712962962962963,951,941,951,1043,1920,1080,0,0,0,0,0,0,1,0
1612449040556,0.4947916666666667,0.8685185185185185,950,938,950,1040,1920,1080,0,0,0,0,0,0,1,0
1612449040607,0.4947916666666667,0.8685185185185185,950,938,950,1040,1920,1080,0,0,0,0,0,0,1,0
1612449040658,0.4947916666666667,0.8685185185185185,950,938,950,1040,1920,1080,0,0,0,0,0,0,1,0
1612449040708,0.4947916666666667,0.8685185185185185,950,938,950,1040,1920,1080,0,0,0,0,0,0,1,0
1612449040759,0.4947916666666667,0.8685185185185185,950,938,950,1040,1920,1080,0,0,0,0,0,0,1,0
1612449040810,0.4947916666666667,0.8685185185185185,950,938,950,1040,1920,1080,0,0,0,0,0,0,1,0
1612449040861,0.4947916666666667,0.8685185185185185,950,938,950,1040,1920,1080,0,0,0,0,0,0,1,0
1612449040912,0.4947916666666667,0.8685185185185185,950,938,950,1040,1920,1080,0,0,0,0,0,0,1,0
1612449040963,0.4947916666666667,0.8685185185185185,950,938,950,1040,1920,1080,0,0,0,0,0,0,1,0
1612449047608,0.4671875,0.8759259259259259,897,946,897,1048,1920,1080,0,0,0,0,0,0,1,0
1612449047658,0.4671875,0.8759259259259259,897,946,897,1048,1920,1080,0,0,0,0,0,0,1,0
1612449047709,0.46510416666666665,0.8777777777777778,893,948,893,1050,1920,1080,0,0,0,0,0,0,1,0
1612449047760,0.4635416666666667,0.8777777777777778,890,948,890,1050,1920,1080,0,0,0,0,0,0,1,0
1612449047811,0.4635416666666667,0.8777777777777778,890,948,890,1050,1920,1080,0,0,0,0,0,0,1,0
1612449047861,0.4635416666666667,0.8777777777777778,890,948,890,1050,1920,1080,0,0,0,0,0,0,1,0
1612449047912,0.4635416666666667,0.8777777777777778,890,948,890,1050,1920,1080,0,0,0,0,0,0,1,0
1612449047966,0.4635416666666667,0.8777777777777778,890,948,890,1050,1920,1080,0,0,0,0,0,0,1,0
1612449048017,0.4635416666666667,0.8777777777777778,890,948,890,1050,1920,1080,0,0,0,0,0,0,1,0
1612449048067,0.4635416666666667,0.8777777777777778,890,948,890,1050,1920,1080,0,0,0,0,0,0,1,0
1612449048118,0.4635416666666667,0.8777777777777778,890,948,890,1050,1920,1080,0,0,0,0,0,0,1,0
1612449048194,0.4635416666666667,0.8777777777777778,890,948,890,1050,1920,1080,1,0,0,0,0,0,1,0
1612449048244,0.4635416666666667,0.8777777777777778,890,948,890,1050,1920,1080,0,0,0,0,0,0,1,0
1612449048296,0.4635416666666667,0.8777777777777778,890,948,890,1050,1920,1080,0,0,0,0,0,0,1,0
1612449048347,0.4635416666666667,0.8777777777777778,890,948,890,1050,1920,1080,0,0,0,0,0,0,1,0
1612449048700,0.4635416666666667,0.8777777777777778,890,948,890,1050,1920,1080,0,0,0,0,0,0,1,0
1612449048751,0.4635416666666667,0.8777777777777778,890,948,890,1050,1920,1080,0,0,0,0,0,0,1,0
1612449048801,0.4635416666666667,0.8777777777777778,890,948,890,1050,1920,1080,0,0,0,0,0,0,1,0
1612449048852,0.4635416666666667,0.8777777777777778,890,948,890,1050,1920,1080,0,0,0,0,0,0,1,0
1612449048903,0.4635416666666667,0.8777777777777778,890,948,890,1050,1920,1080,0,0,0,0,0,0,1,0
1612449048953,0.4635416666666667,0.8777777777777778,890,948,890,1050,1920,1080,0,0,0,0,0,0,1,0
1612449049004,0.4635416666666667,0.8777777777777778,890,948,890,1050,1920,1080,0,0,0,0,0,0,1,0
1612449049055,0.4635416666666667,0.8777777777777778,890,948,890,1050,1920,1080,0,0,0,0,0,0,1,0
1612449049106,0.4635416666666667,0.8777777777777778,890,948,890,1050,1920,1080,0,0,0,0,0,0,1,0
1612449049158,0.45,0.8861111111111111,864,957,864,1059,1920,1080,0,0,0,0,0,0,1,0
1612449049208,0.440625,0.8870370370370371,846,958,846,1060,1920,1080,0,0,0,0,0,0,1,0
1612449049260,0.43697916666666664,0.8870370370370371,839,958,839,1060,1920,1080,0,0,0,0,0,0,1,0
1612449049311,0.4348958333333333,0.8870370370370371,835,958,835,1060,1920,1080,0,0,0,0,0,0,1,0
1612449049361,0.4348958333333333,0.8870370370370371,835,958,835,1060,1920,1080,0,0,0,0,0,0,1,0
1612449049675,0.4348958333333333,0.8870370370370371,835,958,835,1060,1920,1080,0,0,0,0,0,0,1,0
1612449049725,0.4348958333333333,0.8870370370370371,835,958,835,1060,1920,1080,0,0,0,0,0,0,1,0
1612449049778,0.4348958333333333,0.8870370370370371,835,958,835,1060,1920,1080,1,0,0,0,0,0,1,0
1612449049829,0.4348958333333333,0.8870370370370371,835,958,835,1060,1920,1080,0,0,0,0,0,0,1,0
1612449049899,0.4348958333333333,0.8870370370370371,835,958,835,1060,1920,1080,0,0,0,0,0,0,1,0
1612449049950,0.4348958333333333,0.8870370370370371,835,958,835,1060,1920,1080,0,0,0,0,0,0,1,0
1612449050005,0.4348958333333333,0.8870370370370371,835,958,835,1060,1920,1080,0,0,0,0,0,0,1,0
1612449050057,0.45625,0.8833333333333333,876,954,876,1056,1920,1080,0,0,0,0,0,0,1,0
1612449050108,0.47604166666666664,0.8796296296296297,914,950,914,1052,1920,1080,0,0,0,0,0,0,1,0
1612449050159,0.49270833333333336,0.8722222222222222,946,942,946,1044,1920,1080,0,0,0,0,0,0,1,0
1612449050210,0.5057291666666667,0.8694444444444445,971,939,971,1041,1920,1080,0,0,0,0,0,0,1,0
1612449050260,0.5130208333333334,0.8685185185185185,985,938,985,1040,1920,1080,0,0,0,0,0,0,1,0
1612449050311,0.5177083333333333,0.8685185185185185,994,938,994,1040,1920,1080,0,0,0,0,0,0,1,0
1612449050362,0.5203125,0.8685185185185185,999,938,999,1040,1920,1080,0,0,0,0,0,0,1,0
1612449050668,0.5385416666666667,0.8657407407407407,1034,935,1034,1037,1920,1080,0,0,0,0,0,0,1,0
1612449050719,0.5385416666666667,0.8657407407407407,1034,935,1034,1037,1920,1080,0,0,0,0,0,0,1,0
1612449050769,0.5385416666666667,0.8657407407407407,1034,935,1034,1037,1920,1080,0,0,0,0,0,0,1,0
1612449050820,0.5385416666666667,0.8657407407407407,1034,935,1034,1037,1920,1080,0,0,0,0,0,0,1,0
1612449050871,0.5385416666666667,0.8657407407407407,1034,935,1034,1037,1920,1080,0,0,0,0,0,0,1,0
