timestamp,data.clientX_norm,data.clientY_norm,data.clientX,data.clientY,data.screenX,data.screenY,data.screenWidth,data.screenHeight,data.isClicking,data.isDblClicking,data.isTyping,data.currentMouseElement_element:background,data.currentMouseElement_element:item,data.currentMouseElement_element:item:option,data.currentMouseElement_element:item:text,data.currentMouseElement_element:navbar-bottom
1612448697290,0.329296875,0.5645833333333333,843,813,3185,1324,2560,1440,1,0,0,0,0,0,0,1
1612448697341,0.329296875,0.5645833333333333,843,813,3185,1324,2560,1440,0,0,0,0,0,0,0,1
1612448697506,0.378125,0.44027777777777777,968,634,3373,1055,2560,1440,0,0,0,0,0,1,0,0
1612448697557,0.378125,0.44027777777777777,968,634,3373,1055,2560,1440,0,0,0,0,0,1,0,0
1612448697607,0.378125,0.44027777777777777,968,634,3373,1055,2560,1440,0,0,0,0,0,1,0,0
1612448697658,0.378125,0.44027777777777777,968,634,3373,1055,2560,1440,0,0,0,0,0,1,0,0
1612448697709,0.378125,0.44027777777777777,968,634,3373,1055,2560,1440,0,0,0,0,0,1,0,0
1612448697760,0.378125,0.44027777777777777,968,634,3373,1055,2560,1440,0,0,0,0,0,1,0,0
1612448697810,0.378125,0.44027777777777777,968,634,3373,1055,2560,1440,0,0,0,0,0,1,0,0
1612448697861,0.373046875,0.4201388888888889,955,605,3353,1012,2560,1440,0,0,0,0,0,1,0,0
1612448697911,0.3671875,0.38333333333333336,940,552,3330,933,2560,1440,0,0,0,0,0,1,0,0
1612448697962,0.3671875,0.38333333333333336,940,552,3330,933,2560,1440,0,0,0,0,0,1,0,0
1612448698013,0.36640625,0.3861111111111111,938,556,3327,938,2560,1440,0,0,0,0,0,1,0,0
1612448698063,0.366015625,0.3875,937,558,3326,941,2560,1440,0,0,0,0,0,1,0,0
1612448698165,0.3640625,0.3902777777777778,932,562,3319,947,2560,1440,0,0,0,0,0,1,0,0
1612448698215,0.355078125,0.37569444444444444,909,541,3284,916,2560,1440,0,0,0,0,0,1,0,0
1612448698266,0.316796875,0.3402777777777778,811,490,3137,840,2560,1440,0,0,0,0,0,0,1,0
1612448698317,0.248046875,0.2902777777777778,635,418,2873,732,2560,1440,0,0,0,0,0,0,1,0
1612448698367,0.230078125,0.27569444444444446,589,397,2804,700,2560,1440,0,0,0,0,0,0,1,0
1612448698418,0.225,0.2743055555555556,576,395,2785,697,2560,1440,0,0,0,0,0,0,1,0
1612448698469,0.2046875,0.29375,524,423,2707,739,2560,1440,0,0,0,0,0,0,1,0
1612448698519,0.168359375,0.3458333333333333,431,498,2567,852,2560,1440,0,0,0,0,0,0,1,0
1612448698570,0.1609375,0.37430555555555556,412,539,2538,913,2560,1440,0,0,0,0,0,1,0,0
1612448698621,0.160546875,0.3819444444444444,411,550,2537,930,2560,1440,0,0,0,0,0,1,0,0
1612448698672,0.161328125,0.38333333333333336,413,552,2540,933,2560,1440,0,0,0,0,0,1,0,0
1612448698722,0.161328125,0.38333333333333336,413,552,2540,933,2560,1440,0,0,0,0,0,1,0,0
1612448698773,0.161328125,0.38333333333333336,413,552,2540,933,2560,1440,0,0,0,0,0,1,0,0
1612448698824,0.161328125,0.38333333333333336,413,552,2540,933,2560,1440,0,0,0,0,0,1,0,0
1612448698874,0.161328125,0.3819444444444444,413,550,2540,929,2560,1440,0,0,0,0,0,1,0,0
1612448698925,0.16171875,0.38055555555555554,414,548,2541,927,2560,1440,0,0,0,0,0,1,0,0
1612448698976,0.16171875,0.38055555555555554,414,548,2541,927,2560,1440,0,0,0,0,0,1,0,0
1612448699027,0.16171875,0.38055555555555554,414,548,2541,927,2560,1440,0,0,0,0,0,1,0,0
1612448699078,0.16171875,0.38055555555555554,414,548,2541,927,2560,1440,0,0,0,0,0,1,0,0
1612448699179,0.16171875,0.38055555555555554,414,548,2541,927,2560,1440,0,0,0,0,0,1,0,0
1612448699230,0.169921875,0.35138888888888886,435,506,2573,863,2560,1440,0,0,0,0,0,0,1,0
1612448699281,0.17890625,0.3034722222222222,458,437,2608,760,2560,1440,0,0,0,0,0,0,1,0
1612448699332,0.187109375,0.2743055555555556,479,395,2639,697,2560,1440,0,0,0,0,0,0,1,0
1612448699382,0.18984375,0.25972222222222224,486,374,2650,666,2560,1440,0,0,0,0,0,0,1,0
1612448699433,0.19140625,0.25,490,360,2655,644,2560,1440,0,0,0,0,0,0,1,0
1612448699484,0.19140625,0.24444444444444444,490,352,2655,633,2560,1440,0,0,0,0,0,0,1,0
1612448699534,0.191015625,0.24166666666666667,489,348,2654,626,2560,1440,0,0,0,0,0,0,1,0
1612448699585,0.190234375,0.2388888888888889,487,344,2651,620,2560,1440,0,0,0,0,0,0,1,0
1612448699636,0.18828125,0.2375,482,342,2643,617,2560,1440,0,0,0,0,0,0,1,0
1612448699686,0.185546875,0.2361111111111111,475,340,2633,615,2560,1440,0,0,0,0,0,0,1,0
1612448699737,0.18203125,0.23541666666666666,466,339,2620,613,2560,1440,0,0,0,0,0,0,1,0
1612448699788,0.18125,0.23472222222222222,464,338,2617,612,2560,1440,0,0,0,0,0,0,1,0
1612448699838,0.18125,0.23472222222222222,464,338,2616,612,2560,1440,0,0,0,0,0,0,1,0
1612448699889,0.17734375,0.23472222222222222,454,338,2602,612,2560,1440,0,0,0,0,0,0,1,0
1612448699939,0.174609375,0.23541666666666666,447,339,2591,613,2560,1440,0,0,0,0,0,0,1,0
1612448699990,0.1734375,0.2361111111111111,444,340,2586,614,2560,1440,0,0,0,0,0,0,1,0
1612448700041,0.172265625,0.2361111111111111,441,340,2582,614,2560,1440,0,0,0,0,0,0,1,0
1612448700092,0.172265625,0.2361111111111111,441,340,2582,614,2560,1440,0,0,0,0,0,0,1,0
1612448700193,0.172265625,0.2361111111111111,441,340,2582,614,2560,1440,0,0,0,0,0,0,1,0
1612448700244,0.172265625,0.2361111111111111,441,340,2582,614,2560,1440,0,0,0,0,0,0,1,0
1612448700295,0.172265625,0.2361111111111111,441,340,2582,614,2560,1440,0,0,0,0,0,0,1,0
1612448700346,0.172265625,0.2361111111111111,441,340,2582,614,2560,1440,0,0,0,0,0,0,1,0
1612448700396,0.172265625,0.2361111111111111,441,340,2582,614,2560,1440,0,0,0,0,0,0,1,0
1612448700447,0.172265625,0.2361111111111111,441,340,2582,614,2560,1440,0,0,0,0,0,0,1,0
1612448700498,0.172265625,0.2361111111111111,441,340,2582,614,2560,1440,0,0,0,0,0,0,1,0
1612448700549,0.172265625,0.2361111111111111,441,340,2582,614,2560,1440,0,0,0,0,0,0,1,0
1612448700600,0.172265625,0.2361111111111111,441,340,2582,614,2560,1440,0,0,0,0,0,0,1,0
1612448700651,0.172265625,0.2361111111111111,441,340,2582,614,2560,1440,0,0,0,0,0,0,1,0
1612448700702,0.172265625,0.2361111111111111,441,340,2582,614,2560,1440,0,0,0,0,0,0,1,0
1612448700753,0.172265625,0.2361111111111111,441,340,2582,614,2560,1440,0,0,0,0,0,0,1,0
1612448700804,0.172265625,0.2361111111111111,441,340,2582,614,2560,1440,0,0,0,0,0,0,1,0
1612448700855,0.172265625,0.2361111111111111,441,340,2582,614,2560,1440,0,0,0,0,0,0,1,0
1612448700905,0.172265625,0.2361111111111111,441,340,2582,614,2560,1440,0,0,0,0,0,0,1,0
1612448700956,0.172265625,0.2361111111111111,441,340,2582,614,2560,1440,0,0,0,0,0,0,1,0
1612448701007,0.172265625,0.2361111111111111,441,340,2582,614,2560,1440,0,0,0,0,0,0,1,0
1612448701058,0.172265625,0.2361111111111111,441,340,2582,614,2560,1440,0,0,0,0,0,0,1,0
1612448701109,0.172265625,0.2361111111111111,441,340,2582,614,2560,1440,0,0,0,0,0,0,1,0
1612448701211,0.172265625,0.2361111111111111,441,340,2582,614,2560,1440,0,0,0,0,0,0,1,0
1612448701262,0.172265625,0.2361111111111111,441,340,2582,614,2560,1440,0,0,0,0,0,0,1,0
1612448701313,0.172265625,0.2361111111111111,441,340,2582,614,2560,1440,0,0,0,0,0,0,1,0
1612448701364,0.172265625,0.2361111111111111,441,340,2582,614,2560,1440,0,0,0,0,0,0,1,0
1612448701415,0.172265625,0.2361111111111111,441,340,2582,614,2560,1440,0,0,0,0,0,0,1,0
1612448701466,0.172265625,0.2361111111111111,441,340,2582,614,2560,1440,0,0,0,0,0,0,1,0
1612448701516,0.172265625,0.2361111111111111,441,340,2582,614,2560,1440,0,0,0,0,0,0,1,0
1612448701567,0.172265625,0.2361111111111111,441,340,2582,614,2560,1440,0,0,0,0,0,0,1,0
1612448701618,0.172265625,0.2361111111111111,441,340,2582,614,2560,1440,0,0,0,0,0,0,1,0
1612448701669,0.172265625,0.2361111111111111,441,340,2582,614,2560,1440,0,0,0,0,0,0,1,0
1612448701720,0.172265625,0.2361111111111111,441,340,2582,614,2560,1440,0,0,0,0,0,0,1,0
1612448701771,0.172265625,0.2361111111111111,441,340,2582,614,2560,1440,0,0,0,0,0,0,1,0
1612448701821,0.172265625,0.2361111111111111,441,340,2582,614,2560,1440,0,0,0,0,0,0,1,0
1612448701872,0.172265625,0.2361111111111111,441,340,2582,614,2560,1440,0,0,0,0,0,0,1,0
1612448701922,0.172265625,0.2361111111111111,441,340,2582,614,2560,1440,0,0,0,0,0,0,1,0
1612448701973,0.172265625,0.2361111111111111,441,340,2582,614,2560,1440,0,0,0,0,0,0,1,0
1612448702024,0.172265625,0.2361111111111111,441,340,2582,614,2560,1440,0,0,0,0,0,0,1,0
1612448702075,0.172265625,0.2361111111111111,441,340,2582,614,2560,1440,0,0,0,0,0,0,1,0
1612448702125,0.172265625,0.2361111111111111,441,340,2582,614,2560,1440,0,0,0,0,0,0,1,0
1612448702227,0.172265625,0.2361111111111111,441,340,2582,614,2560,1440,0,0,0,0,0,0,1,0
1612448702278,0.172265625,0.2361111111111111,441,340,2582,614,2560,1440,0,0,0,0,0,0,1,0
1612448702329,0.172265625,0.2361111111111111,441,340,2582,614,2560,1440,0,0,0,0,0,0,1,0
1612448702380,0.172265625,0.2361111111111111,441,340,2582,614,2560,1440,0,0,0,0,0,0,1,0
1612448702431,0.172265625,0.2361111111111111,441,340,2582,614,2560,1440,0,0,0,0,0,0,1,0
1612448702482,0.172265625,0.2361111111111111,441,340,2582,614,2560,1440,0,0,0,0,0,0,1,0
1612448702532,0.172265625,0.2361111111111111,441,340,2582,614,2560,1440,0,0,0,0,0,0,1,0
1612448702583,0.172265625,0.2361111111111111,441,340,2582,614,2560,1440,0,0,0,0,0,0,1,0
1612448702634,0.172265625,0.2361111111111111,441,340,2582,614,2560,1440,0,0,0,0,0,0,1,0
1612448702685,0.172265625,0.2361111111111111,441,340,2582,614,2560,1440,0,0,0,0,0,0,1,0
1612448702736,0.172265625,0.2361111111111111,441,340,2582,614,2560,1440,0,0,0,0,0,0,1,0
1612448702787,0.172265625,0.2361111111111111,441,340,2582,614,2560,1440,0,0,0,0,0,0,1,0
1612448702837,0.172265625,0.2361111111111111,441,340,2582,614,2560,1440,0,0,0,0,0,0,1,0
1612448702888,0.172265625,0.2361111111111111,441,340,2582,614,2560,1440,0,0,0,0,0,0,1,0
1612448702938,0.172265625,0.2361111111111111,441,340,2582,614,2560,1440,0,0,0,0,0,0,1,0
1612448702989,0.172265625,0.2361111111111111,441,340,2582,614,2560,1440,0,0,0,0,0,0,1,0
1612448703040,0.172265625,0.2361111111111111,441,340,2582,614,2560,1440,0,0,0,0,0,0,1,0
1612448703091,0.172265625,0.2361111111111111,441,340,2582,614,2560,1440,0,0,0,0,0,0,1,0
1612448703142,0.172265625,0.2361111111111111,441,340,2582,614,2560,1440,0,0,0,0,0,0,1,0
1612448703244,0.172265625,0.2361111111111111,441,340,2582,614,2560,1440,0,0,0,0,0,0,1,0
1612448703294,0.172265625,0.2361111111111111,441,340,2582,614,2560,1440,0,0,0,0,0,0,1,0
1612448703346,0.172265625,0.2361111111111111,441,340,2582,614,2560,1440,0,0,0,0,0,0,1,0
1612448703396,0.172265625,0.2361111111111111,441,340,2582,614,2560,1440,0,0,0,0,0,0,1,0
1612448703448,0.172265625,0.2361111111111111,441,340,2582,614,2560,1440,0,0,0,0,0,0,1,0
1612448703498,0.172265625,0.2361111111111111,441,340,2582,614,2560,1440,0,0,0,0,0,0,1,0
1612448703549,0.172265625,0.2361111111111111,441,340,2582,614,2560,1440,0,0,0,0,0,0,1,0
1612448703600,0.172265625,0.2361111111111111,441,340,2582,614,2560,1440,0,0,0,0,0,0,1,0
1612448703651,0.172265625,0.2361111111111111,441,340,2582,614,2560,1440,0,0,0,0,0,0,1,0
1612448703702,0.172265625,0.2361111111111111,441,340,2582,614,2560,1440,0,0,0,0,0,0,1,0
1612448703753,0.172265625,0.2361111111111111,441,340,2582,614,2560,1440,0,0,0,0,0,0,1,0
1612448703804,0.172265625,0.2361111111111111,441,340,2582,614,2560,1440,0,0,0,0,0,0,1,0
1612448703855,0.172265625,0.2361111111111111,441,340,2582,614,2560,1440,0,0,0,0,0,0,1,0
1612448703906,0.172265625,0.2361111111111111,441,340,2582,614,2560,1440,0,0,0,0,0,0,1,0
1612448703956,0.172265625,0.2361111111111111,441,340,2582,614,2560,1440,0,0,0,0,0,0,1,0
1612448704007,0.172265625,0.2361111111111111,441,340,2582,614,2560,1440,0,0,0,0,0,0,1,0
1612448704058,0.172265625,0.2361111111111111,441,340,2582,614,2560,1440,0,0,0,0,0,0,1,0
1612448704109,0.172265625,0.2361111111111111,441,340,2582,614,2560,1440,0,0,0,0,0,0,1,0
1612448704160,0.172265625,0.2361111111111111,441,340,2582,614,2560,1440,0,0,0,0,0,0,1,0
1612448704261,0.172265625,0.2361111111111111,441,340,2582,614,2560,1440,0,0,0,0,0,0,1,0
1612448704312,0.172265625,0.2361111111111111,441,340,2582,614,2560,1440,0,0,0,0,0,0,1,0
1612448704363,0.172265625,0.2361111111111111,441,340,2582,614,2560,1440,0,0,0,0,0,0,1,0
1612448704414,0.172265625,0.2361111111111111,441,340,2582,614,2560,1440,0,0,0,0,0,0,1,0
1612448704465,0.172265625,0.2361111111111111,441,340,2582,614,2560,1440,0,0,0,0,0,0,1,0
1612448704515,0.172265625,0.2361111111111111,441,340,2582,614,2560,1440,0,0,0,0,0,0,1,0
1612448704566,0.172265625,0.2361111111111111,441,340,2582,614,2560,1440,0,0,0,0,0,0,1,0
1612448704617,0.172265625,0.2361111111111111,441,340,2582,614,2560,1440,0,0,0,0,0,0,1,0
1612448704668,0.172265625,0.2361111111111111,441,340,2582,614,2560,1440,0,0,0,0,0,0,1,0
1612448704719,0.172265625,0.2361111111111111,441,340,2582,614,2560,1440,0,0,0,0,0,0,1,0
1612448704769,0.17265625,0.23958333333333334,442,345,2584,622,2560,1440,0,0,0,0,0,0,1,0
1612448704820,0.173828125,0.24305555555555555,445,350,2588,630,2560,1440,0,0,0,0,0,0,1,0
1612448704870,0.173828125,0.24583333333333332,445,354,2588,635,2560,1440,0,0,0,0,0,0,1,0
1612448704921,0.17421875,0.24861111111111112,446,358,2590,641,2560,1440,0,0,0,0,0,0,1,0
1612448704972,0.178515625,0.2569444444444444,457,370,2606,659,2560,1440,0,0,0,0,0,0,1,0
1612448705023,0.179296875,0.2638888888888889,459,380,2609,675,2560,1440,0,0,0,0,0,0,1,0
1612448705073,0.1796875,0.2847222222222222,460,410,2610,719,2560,1440,0,0,0,0,0,0,1,0
1612448705124,0.179296875,0.30833333333333335,459,444,2609,771,2560,1440,0,0,0,0,0,0,1,0
1612448705175,0.17890625,0.35625,458,513,2607,874,2560,1440,0,0,0,0,0,0,1,0
1612448705276,0.181640625,0.4013888888888889,465,578,2618,972,2560,1440,0,0,0,0,0,1,0,0
1612448705327,0.1796875,0.4201388888888889,460,605,2610,1012,2560,1440,0,0,0,0,0,1,0,0
1612448705378,0.175390625,0.4388888888888889,449,632,2594,1053,2560,1440,0,0,0,0,0,1,0,0
1612448705428,0.173046875,0.44583333333333336,443,642,2585,1068,2560,1440,0,0,0,0,0,1,0,0
1612448705479,0.17109375,0.44930555555555557,438,647,2578,1075,2560,1440,0,0,0,0,0,1,0,0
1612448705530,0.1703125,0.45069444444444445,436,649,2575,1078,2560,1440,0,0,0,0,0,1,0,0
1612448705581,0.1703125,0.45069444444444445,436,649,2575,1078,2560,1440,0,0,0,0,0,1,0,0
1612448705631,0.1703125,0.44930555555555557,436,647,2574,1075,2560,1440,0,0,0,0,0,1,0,0
1612448705683,0.1703125,0.4444444444444444,436,640,2574,1064,2560,1440,0,0,0,0,0,1,0,0
1612448705734,0.1703125,0.44166666666666665,436,636,2575,1059,2560,1440,0,0,0,0,0,1,0,0
1612448705785,0.1703125,0.44166666666666665,436,636,2575,1059,2560,1440,0,0,0,0,0,1,0,0
1612448705835,0.1703125,0.44166666666666665,436,636,2575,1059,2560,1440,0,0,0,0,0,1,0,0
1612448705886,0.1703125,0.44166666666666665,436,636,2575,1059,2560,1440,0,0,0,0,0,1,0,0
1612448705937,0.1703125,0.44166666666666665,436,636,2575,1059,2560,1440,0,0,0,0,0,1,0,0
1612448705988,0.1703125,0.44166666666666665,436,636,2575,1059,2560,1440,0,0,0,0,0,1,0,0
1612448706039,0.1703125,0.44166666666666665,436,636,2575,1059,2560,1440,0,0,0,0,0,1,0,0
1612448706089,0.1703125,0.44166666666666665,436,636,2575,1059,2560,1440,0,0,0,0,0,1,0,0
1612448706140,0.1703125,0.44166666666666665,436,636,2575,1059,2560,1440,0,0,0,0,0,1,0,0
1612448706191,0.1703125,0.44166666666666665,436,636,2575,1059,2560,1440,0,0,0,0,0,1,0,0
1612448706496,0.1703125,0.44027777777777777,436,634,2575,1056,2560,1440,0,0,0,0,0,1,0,0
1612448706546,0.1703125,0.4361111111111111,436,628,2575,1047,2560,1440,0,0,0,0,0,1,0,0
1612448706597,0.1703125,0.43194444444444446,436,622,2575,1038,2560,1440,0,0,0,0,0,1,0,0
1612448706648,0.1703125,0.4270833333333333,436,615,2575,1027,2560,1440,0,0,0,0,0,1,0,0
1612448706699,0.1703125,0.4222222222222222,436,608,2575,1017,2560,1440,0,0,0,0,0,1,0,0
1612448706749,0.1703125,0.4173611111111111,436,601,2574,1006,2560,1440,0,0,0,0,0,1,0,0
1612448706800,0.169921875,0.41388888888888886,435,596,2573,999,2560,1440,0,0,0,0,0,1,0,0
1612448706851,0.169921875,0.4125,435,594,2573,995,2560,1440,0,0,0,0,0,1,0,0
1612448706902,0.169921875,0.4125,435,594,2573,995,2560,1440,0,0,0,0,0,1,0,0
1612448706953,0.169921875,0.4125,435,594,2573,995,2560,1440,0,0,0,0,0,1,0,0
1612448707003,0.169921875,0.4125,435,594,2573,995,2560,1440,0,0,0,0,0,1,0,0
1612448707054,0.169921875,0.4125,435,594,2573,995,2560,1440,0,0,0,0,0,1,0,0
1612448707109,0.169921875,0.4125,435,594,2573,995,2560,1440,0,0,0,0,0,1,0,0
1612448707160,0.169921875,0.4125,435,594,2573,995,2560,1440,0,0,0,0,0,1,0,0
1612448707211,0.169921875,0.4125,435,594,2573,995,2560,1440,0,0,0,0,0,1,0,0
1612448707312,0.169921875,0.4131944444444444,435,595,2573,997,2560,1440,0,0,0,0,0,1,0,0
1612448707363,0.170703125,0.43472222222222223,437,626,2576,1043,2560,1440,0,0,0,0,0,1,0,0
1612448707414,0.1734375,0.4548611111111111,444,655,2586,1087,2560,1440,0,0,0,0,0,1,0,0
1612448707464,0.173046875,0.4638888888888889,443,668,2585,1107,2560,1440,0,0,0,0,0,1,0,0
1612448707515,0.171484375,0.46875,439,675,2579,1117,2560,1440,0,0,0,0,0,1,0,0
1612448707566,0.17109375,0.46875,438,675,2578,1117,2560,1440,0,0,0,0,0,1,0,0
1612448707616,0.170703125,0.46875,437,675,2576,1117,2560,1440,0,0,0,0,0,1,0,0
1612448707668,0.1703125,0.4673611111111111,436,673,2575,1114,2560,1440,0,0,0,0,0,1,0,0
1612448707719,0.1703125,0.4666666666666667,436,672,2574,1112,2560,1440,0,0,0,0,0,1,0,0
1612448707769,0.169140625,0.4652777777777778,433,670,2570,1109,2560,1440,0,0,0,0,0,1,0,0
1612448707820,0.168359375,0.46458333333333335,431,669,2567,1108,2560,1440,0,0,0,0,0,1,0,0
1612448707870,0.168359375,0.46458333333333335,431,669,2567,1108,2560,1440,0,0,0,0,0,1,0,0
1612448707921,0.168359375,0.46458333333333335,431,669,2567,1108,2560,1440,0,0,0,0,0,1,0,0
1612448707982,0.168359375,0.46458333333333335,431,669,2567,1108,2560,1440,1,0,0,0,0,1,0,0
1612448708032,0.168359375,0.46458333333333335,431,669,2567,1108,2560,1440,0,0,0,0,0,1,0,0
1612448708082,0.16875,0.46597222222222223,432,671,2568,1111,2560,1440,0,0,0,0,0,1,0,0
1612448708133,0.171875,0.475,440,684,2581,1131,2560,1440,0,0,0,0,0,1,0,0
1612448708186,0.176171875,0.48055555555555557,451,692,2597,1142,2560,1440,0,0,0,0,0,1,0,0
1612448708237,0.190625,0.4847222222222222,488,698,2652,1152,2560,1440,0,0,0,0,0,1,0,0
1612448708288,0.22109375,0.49027777777777776,566,706,2770,1164,2560,1440,0,0,0,0,1,0,0,0
1612448708338,0.27578125,0.5013888888888889,706,722,2980,1188,2560,1440,0,0,0,0,1,0,0,0
1612448708389,0.333203125,0.5083333333333333,853,732,3200,1202,2560,1440,0,0,0,0,1,0,0,0
1612448708440,0.364453125,0.5125,933,738,3320,1212,2560,1440,0,0,0,0,1,0,0,0
1612448708491,0.36484375,0.5152777777777777,934,742,3321,1217,2560,1440,0,0,0,0,1,0,0,0
1612448708541,0.364453125,0.5152777777777777,933,742,3320,1218,2560,1440,0,0,0,0,1,0,0,0
1612448708592,0.36328125,0.5159722222222223,930,743,3316,1219,2560,1440,0,0,0,0,1,0,0,0
1612448708642,0.356640625,0.5166666666666667,913,744,3290,1221,2560,1440,0,0,0,0,1,0,0,0
1612448708693,0.34921875,0.5284722222222222,894,761,3262,1246,2560,1440,0,0,0,1,0,0,0,0
1612448708744,0.35,0.5375,896,774,3265,1265,2560,1440,0,0,0,1,0,0,0,0
1612448708795,0.34921875,0.5465277777777777,894,787,3262,1285,2560,1440,0,0,0,0,0,0,0,1
1612448708845,0.34921875,0.5506944444444445,894,793,3261,1294,2560,1440,0,0,0,0,0,0,0,1
1612448708896,0.34765625,0.5534722222222223,890,797,3256,1300,2560,1440,0,0,0,0,0,0,0,1
1612448708946,0.345703125,0.5555555555555556,885,800,3248,1304,2560,1440,0,0,0,0,0,0,0,1
1612448708997,0.344921875,0.5569444444444445,883,802,3245,1308,2560,1440,0,0,0,0,0,0,0,1
1612448709048,0.344921875,0.5576388888888889,883,803,3245,1309,2560,1440,0,0,0,0,0,0,0,1
1612448709099,0.344921875,0.5576388888888889,883,803,3245,1309,2560,1440,0,0,0,0,0,0,0,1
1612448709150,0.344921875,0.5576388888888889,883,803,3245,1309,2560,1440,0,0,0,0,0,0,0,1
1612448709200,0.344921875,0.5576388888888889,883,803,3245,1309,2560,1440,0,0,0,0,0,0,0,1
1612448709251,0.344921875,0.5576388888888889,883,803,3245,1309,2560,1440,0,0,0,0,0,0,0,1
1612448709353,0.34453125,0.5604166666666667,882,807,3243,1315,2560,1440,0,0,0,0,0,0,0,1
1612448709404,0.34453125,0.5604166666666667,882,807,3243,1315,2560,1440,0,0,0,0,0,0,0,1
1612448709461,0.34453125,0.5604166666666667,882,807,3243,1315,2560,1440,0,0,0,0,0,0,0,1
1612448709512,0.34453125,0.5604166666666667,882,807,3243,1315,2560,1440,0,0,0,0,0,0,0,1
1612448731087,0.379296875,0.5618055555555556,971,809,3377,1318,2560,1440,0,0,0,0,0,0,0,1
1612448731200,0.379296875,0.5618055555555556,971,809,3377,1318,2560,1440,1,0,0,0,0,0,0,1
1612448733249,0.294140625,0.5625,753,810,3050,1320,2560,1440,1,0,0,1,0,0,0,0
1612448733423,0.29375,0.5625,752,810,3049,1319,2560,1440,1,0,0,0,0,0,0,1
1612448733473,0.29375,0.5625,752,810,3049,1319,2560,1440,0,0,0,0,0,0,0,1
1612448738064,0.304296875,0.5694444444444444,779,820,3089,1334,2560,1440,0,0,0,1,0,0,0,0
1612448738138,0.30546875,0.56875,782,819,3094,1333,2560,1440,1,0,0,0,0,0,0,1
1612448738188,0.30859375,0.5680555555555555,790,818,3106,1331,2560,1440,0,0,0,0,0,0,0,1
1612448738238,0.31328125,0.5694444444444444,802,820,3123,1334,2560,1440,0,0,0,0,0,0,0,1
1612448738290,0.33203125,0.5722222222222222,850,824,3195,1341,2560,1440,0,0,0,0,0,0,0,1
1612448738340,0.33203125,0.5722222222222222,850,824,3195,1341,2560,1440,0,0,0,0,0,0,0,1
1612448738466,0.332421875,0.5722222222222222,851,824,3197,1341,2560,1440,0,0,0,1,0,0,0,0
1612448738580,0.332421875,0.5722222222222222,851,824,3197,1340,2560,1440,1,1,0,0,0,0,0,1
1612448738630,0.340234375,0.5694444444444444,871,820,3227,1335,2560,1440,0,0,0,0,0,0,0,1
1612448738681,0.3453125,0.5680555555555555,884,818,3247,1331,2560,1440,0,0,0,0,0,0,0,1
1612448738732,0.3453125,0.5673611111111111,884,817,3247,1330,2560,1440,0,0,0,0,0,0,0,1
1612448738782,0.3453125,0.5673611111111111,884,817,3247,1330,2560,1440,0,0,0,0,0,0,0,1
1612448740382,0.3296875,0.5666666666666667,844,816,3187,1328,2560,1440,1,0,0,1,0,0,0,0
1612448740513,0.337890625,0.5673611111111111,865,817,3218,1330,2560,1440,0,0,0,0,0,0,0,1
1612448740564,0.337890625,0.5673611111111111,865,817,3218,1330,2560,1440,0,0,0,0,0,0,0,1
1612448740614,0.337890625,0.5673611111111111,865,817,3218,1330,2560,1440,0,0,0,0,0,0,0,1
1612448740667,0.337890625,0.5673611111111111,865,817,3218,1330,2560,1440,0,0,0,0,0,0,0,1
1612448740717,0.34765625,0.5680555555555555,890,818,3256,1331,2560,1440,0,0,0,0,0,0,0,1
1612448740768,0.34765625,0.5680555555555555,890,818,3256,1331,2560,1440,0,0,0,0,0,0,0,1
1612448740819,0.35,0.5666666666666667,896,816,3265,1329,2560,1440,0,0,0,0,0,0,0,1
1612448740870,0.35,0.5666666666666667,896,816,3265,1329,2560,1440,0,0,0,0,0,0,0,1
1612448740920,0.35,0.5666666666666667,896,816,3265,1329,2560,1440,0,0,0,0,0,0,0,1
1612448740971,0.35625,0.5645833333333333,912,813,3288,1324,2560,1440,0,0,0,0,0,0,0,1
1612448741025,0.358984375,0.56875,919,819,3299,1333,2560,1440,0,0,0,0,0,0,0,1
1612448741075,0.358984375,0.56875,919,819,3299,1333,2560,1440,0,0,0,0,0,0,0,1
1612448744291,0.38359375,0.5666666666666667,982,816,3394,1329,2560,1440,1,0,0,0,0,0,0,1
1612448744342,0.38359375,0.5666666666666667,982,816,3394,1329,2560,1440,0,0,0,0,0,0,0,1
1612448744438,0.38359375,0.5666666666666667,982,816,3394,1329,2560,1440,1,0,0,0,0,0,0,1
1612448744488,0.38359375,0.5666666666666667,982,816,3394,1329,2560,1440,0,0,0,0,0,0,0,1
1612448744538,0.3828125,0.5673611111111111,980,817,3391,1330,2560,1440,0,0,0,0,0,0,0,1
1612448744589,0.3828125,0.5673611111111111,980,817,3391,1330,2560,1440,0,0,0,0,0,0,0,1
1612448745986,0.291796875,0.5659722222222222,747,815,3041,1327,2560,1440,0,0,0,0,0,0,0,1
1612448746091,0.291796875,0.5659722222222222,747,815,3041,1327,2560,1440,1,0,0,0,0,0,0,1
1612448746141,0.291796875,0.5659722222222222,747,815,3041,1327,2560,1440,0,0,0,0,0,0,0,1
1612448746192,0.291796875,0.5659722222222222,747,815,3041,1327,2560,1440,0,0,0,0,0,0,0,1
1612448747749,0.370703125,0.5694444444444444,949,820,3344,1334,2560,1440,0,0,0,0,0,0,0,1
1612448747869,0.370703125,0.5694444444444444,949,820,3344,1334,2560,1440,1,0,0,0,0,0,0,1
1612448747920,0.370703125,0.5694444444444444,949,820,3344,1334,2560,1440,0,0,0,0,0,0,0,1
1612448758737,0.33671875,0.5666666666666667,862,816,3214,1329,2560,1440,1,0,0,0,0,0,0,1
1612448758787,0.33671875,0.5666666666666667,862,816,3214,1329,2560,1440,0,0,0,0,0,0,0,1
1612448758869,0.33671875,0.5666666666666667,862,816,3214,1329,2560,1440,0,0,0,0,0,0,0,1
1612448758919,0.33671875,0.5666666666666667,862,816,3214,1329,2560,1440,0,0,0,0,0,0,0,1
1612448758970,0.33671875,0.5666666666666667,862,816,3214,1329,2560,1440,0,0,0,0,0,0,0,1
1612448759020,0.33671875,0.5666666666666667,862,816,3214,1329,2560,1440,0,0,0,0,0,0,0,1
1612448759071,0.33671875,0.5666666666666667,862,816,3214,1329,2560,1440,0,0,0,0,0,0,0,1
1612448759122,0.33671875,0.5666666666666667,862,816,3214,1329,2560,1440,0,0,0,0,0,0,0,1
1612448759172,0.33671875,0.5666666666666667,862,816,3214,1329,2560,1440,0,0,0,0,0,0,0,1
1612448759223,0.33671875,0.5666666666666667,862,816,3214,1329,2560,1440,0,0,0,0,0,0,0,1
1612448759274,0.33671875,0.5666666666666667,862,816,3214,1329,2560,1440,0,0,0,0,0,0,0,1
1612448759325,0.340234375,0.5666666666666667,871,816,3227,1329,2560,1440,0,0,0,0,0,0,0,1
1612448759376,0.359375,0.5701388888888889,920,821,3301,1336,2560,1440,0,0,0,0,0,0,0,1
1612448759426,0.3609375,0.5701388888888889,924,821,3307,1336,2560,1440,0,0,0,0,0,0,0,1
1612448759477,0.3609375,0.5701388888888889,924,821,3307,1336,2560,1440,0,0,0,0,0,0,0,1
1612448759528,0.3609375,0.5701388888888889,924,821,3307,1336,2560,1440,0,0,0,0,0,0,0,1
1612448768526,0.321875,0.5715277777777777,824,823,3157,1339,2560,1440,0,0,0,1,0,0,0,0
1612448768576,0.31328125,0.5715277777777777,802,823,3124,1339,2560,1440,0,0,0,1,0,0,0,0
1612448768646,0.31328125,0.5715277777777777,802,823,3124,1339,2560,1440,0,0,0,0,0,0,0,1
1612448768697,0.31328125,0.5715277777777777,802,823,3124,1339,2560,1440,0,0,0,0,0,0,0,1
1612448768747,0.31328125,0.5715277777777777,802,823,3124,1339,2560,1440,0,0,0,0,0,0,0,1
1612448768800,0.31328125,0.5715277777777777,802,823,3124,1339,2560,1440,0,0,0,0,0,0,0,1
1612448768851,0.31328125,0.5715277777777777,802,823,3124,1339,2560,1440,0,0,0,0,0,0,0,1
1612448768901,0.313671875,0.5715277777777777,803,823,3125,1339,2560,1440,0,0,0,0,0,0,0,1
1612448768952,0.313671875,0.5715277777777777,803,823,3125,1339,2560,1440,0,0,0,0,0,0,0,1
1612448769003,0.313671875,0.5715277777777777,803,823,3125,1339,2560,1440,0,0,0,0,0,0,0,1
1612448776209,0.33203125,0.5604166666666667,850,807,3195,1315,2560,1440,1,0,0,0,0,0,0,1
1612448776260,0.33203125,0.5604166666666667,850,807,3195,1315,2560,1440,0,0,0,0,0,0,0,1
1612448776373,0.319140625,0.5604166666666667,817,807,3146,1315,2560,1440,1,1,0,0,0,0,0,1
1612448776423,0.3078125,0.5611111111111111,788,808,3102,1317,2560,1440,0,0,0,0,0,0,0,1
1612448776475,0.3078125,0.5611111111111111,788,808,3103,1316,2560,1440,0,0,0,0,0,0,0,1
1612448776526,0.30859375,0.5604166666666667,790,807,3105,1315,2560,1440,0,0,0,0,0,0,0,1
1612448776644,0.30859375,0.5611111111111111,790,808,3105,1316,2560,1440,0,0,0,1,0,0,0,0
1612448776695,0.3078125,0.5625,788,810,3103,1320,2560,1440,0,0,0,0,0,0,0,1
1612448776745,0.30859375,0.5638888888888889,790,812,3106,1323,2560,1440,0,0,0,0,0,0,0,1
1612448776796,0.31796875,0.5652777777777778,814,814,3141,1326,2560,1440,0,0,0,0,0,0,0,1
1612448776846,0.325390625,0.5659722222222222,833,815,3170,1327,2560,1440,0,0,0,0,0,0,0,1
1612448776896,0.32578125,0.5666666666666667,834,816,3171,1329,2560,1440,0,0,0,0,0,0,0,1
1612448776947,0.32578125,0.5666666666666667,834,816,3171,1329,2560,1440,0,0,0,0,0,0,0,1
1612448777166,0.34609375,0.5645833333333333,886,813,3250,1324,2560,1440,0,0,0,1,0,0,0,0
1612448777216,0.3515625,0.5652777777777778,900,814,3270,1326,2560,1440,0,0,0,0,0,0,0,1
1612448777267,0.3515625,0.5652777777777778,900,814,3270,1326,2560,1440,0,0,0,0,0,0,0,1
1612448777320,0.3515625,0.5652777777777778,900,814,3270,1326,2560,1440,0,0,0,0,0,0,0,1
1612448777371,0.37421875,0.5625,958,810,3358,1319,2560,1440,0,0,0,0,0,0,0,1
1612448777421,0.37578125,0.5618055555555556,962,809,3363,1318,2560,1440,0,0,0,0,0,0,0,1
1612448777472,0.37578125,0.5618055555555556,962,809,3363,1318,2560,1440,0,0,0,0,0,0,0,1
1612448777522,0.37109375,0.5618055555555556,950,809,3345,1318,2560,1440,0,0,0,0,0,0,0,1
1612448777573,0.37109375,0.5618055555555556,950,809,3345,1318,2560,1440,0,0,0,0,0,0,0,1
1612448777623,0.37109375,0.5618055555555556,950,809,3345,1318,2560,1440,0,0,0,0,0,0,0,1
1612448777674,0.37109375,0.5618055555555556,950,809,3345,1318,2560,1440,0,0,0,0,0,0,0,1
1612448777725,0.339453125,0.5625,869,810,3224,1320,2560,1440,0,0,0,0,0,0,0,1
1612448777779,0.33828125,0.5631944444444444,866,811,3219,1321,2560,1440,0,0,0,0,0,0,0,1
1612448777831,0.33828125,0.5625,866,810,3219,1320,2560,1440,0,0,0,0,0,0,0,1
1612448777881,0.33515625,0.5625,858,810,3207,1320,2560,1440,1,0,0,0,0,0,0,1
1612448777932,0.328515625,0.5652777777777778,841,814,3182,1325,2560,1440,0,0,0,0,0,0,0,1
1612448777982,0.328515625,0.5652777777777778,841,814,3182,1325,2560,1440,0,0,0,0,0,0,0,1
1612448778083,0.2984375,0.5666666666666667,764,816,3066,1328,2560,1440,1,0,0,0,0,0,0,1
1612448778134,0.29765625,0.5666666666666667,762,816,3064,1329,2560,1440,0,0,0,0,0,0,0,1
1612448778184,0.298046875,0.5666666666666667,763,816,3065,1328,2560,1440,0,0,0,0,0,0,0,1
1612448778235,0.298046875,0.5666666666666667,763,816,3065,1328,2560,1440,0,0,0,0,0,0,0,1
1612448780392,0.33359375,0.5680555555555555,854,818,3201,1332,2560,1440,1,0,0,0,0,0,0,1
1612448780443,0.33359375,0.5680555555555555,854,818,3201,1332,2560,1440,0,0,0,0,0,0,0,1
1612448780550,0.328125,0.5680555555555555,840,818,3181,1332,2560,1440,0,0,0,0,0,0,0,1
1612448780600,0.32578125,0.5680555555555555,834,818,3171,1332,2560,1440,0,0,0,0,0,0,0,1
1612448780650,0.32421875,0.5673611111111111,830,817,3165,1330,2560,1440,0,0,0,0,0,0,0,1
1612448780701,0.32265625,0.5673611111111111,826,817,3160,1330,2560,1440,0,0,0,0,0,0,0,1
1612448780751,0.32265625,0.5673611111111111,826,817,3160,1330,2560,1440,0,0,0,0,0,0,0,1
1612448780802,0.32265625,0.5673611111111111,826,817,3160,1330,2560,1440,0,0,0,0,0,0,0,1
1612448781908,0.33515625,0.5652777777777778,858,814,3207,1326,2560,1440,0,0,0,0,0,0,0,1
1612448782004,0.33515625,0.5652777777777778,858,814,3207,1326,2560,1440,0,0,0,0,0,0,0,1
1612448782054,0.33671875,0.5652777777777778,862,814,3213,1326,2560,1440,0,0,0,0,0,0,0,1
1612448782155,0.34140625,0.5652777777777778,874,814,3231,1326,2560,1440,0,0,0,0,0,0,0,1
1612448782206,0.346484375,0.5652777777777778,887,814,3251,1326,2560,1440,0,0,0,0,0,0,0,1
1612448782256,0.349609375,0.5652777777777778,895,814,3263,1326,2560,1440,0,0,0,0,0,0,0,1
1612448782307,0.349609375,0.5652777777777778,895,814,3263,1326,2560,1440,0,0,0,0,0,0,0,1
1612448782357,0.349609375,0.5652777777777778,895,814,3263,1326,2560,1440,0,0,0,0,0,0,0,1
1612448818368,0.328125,0.55625,840,801,3180,1306,2560,1440,1,0,0,0,0,0,0,1
1612448818418,0.326953125,0.5576388888888889,837,803,3176,1309,2560,1440,0,0,0,1,0,0,0,0
1612448818490,0.31953125,0.5604166666666667,818,807,3148,1315,2560,1440,0,0,0,0,0,0,0,1
1612448818540,0.31875,0.5611111111111111,816,808,3144,1316,2560,1440,0,0,0,0,0,0,0,1
1612448818590,0.31875,0.5611111111111111,816,808,3144,1316,2560,1440,0,0,0,0,0,0,0,1
1612448818641,0.31875,0.5611111111111111,816,808,3144,1316,2560,1440,0,0,0,0,0,0,0,1
1612448818692,0.31875,0.5611111111111111,816,808,3144,1316,2560,1440,0,0,0,0,0,0,0,1
1612448818742,0.31875,0.5611111111111111,816,808,3144,1316,2560,1440,0,0,0,0,0,0,0,1
1612448844408,0.33359375,0.5652777777777778,854,814,3202,1326,2560,1440,1,0,0,0,0,0,0,1
1612448844458,0.33359375,0.5652777777777778,854,814,3202,1326,2560,1440,0,0,0,0,0,0,0,1
1612448844560,0.33359375,0.5652777777777778,854,814,3202,1326,2560,1440,0,0,0,0,0,0,0,1
1612448844610,0.32734375,0.5694444444444444,838,820,3178,1334,2560,1440,0,0,0,0,0,0,0,1
1612448844711,0.32265625,0.5694444444444444,826,820,3159,1334,2560,1440,0,0,0,0,0,0,0,1
1612448844762,0.32265625,0.5694444444444444,826,820,3159,1334,2560,1440,0,0,0,0,0,0,0,1
1612448844812,0.32265625,0.5694444444444444,826,820,3159,1334,2560,1440,0,0,0,0,0,0,0,1
1612448844863,0.322265625,0.5694444444444444,825,820,3158,1334,2560,1440,0,0,0,0,0,0,0,1
1612448844914,0.320703125,0.5694444444444444,821,820,3152,1334,2560,1440,0,0,0,0,0,0,0,1
1612448844964,0.3203125,0.5694444444444444,820,820,3151,1334,2560,1440,0,0,0,0,0,0,0,1
1612448845015,0.3203125,0.5694444444444444,820,820,3151,1334,2560,1440,0,0,0,0,0,0,0,1
1612448845066,0.3203125,0.5694444444444444,820,820,3151,1334,2560,1440,0,0,0,0,0,0,0,1
1612448845117,0.3203125,0.5694444444444444,820,820,3151,1334,2560,1440,0,0,0,0,0,0,0,1
1612448856335,0.33359375,0.5722222222222222,854,824,3201,1340,2560,1440,1,0,0,1,0,0,0,0
1612448856385,0.327734375,0.5736111111111111,839,826,3179,1343,2560,1440,0,0,0,1,0,0,0,0
1612448856493,0.325,0.5729166666666666,832,825,3168,1342,2560,1440,0,0,0,0,0,0,0,1
1612448856544,0.325,0.5729166666666666,832,825,3168,1342,2560,1440,0,0,0,0,0,0,0,1
1612448856594,0.32265625,0.5722222222222222,826,824,3159,1341,2560,1440,0,0,0,0,0,0,0,1
1612448856645,0.319921875,0.5708333333333333,819,822,3149,1338,2560,1440,0,0,0,0,0,0,0,1
1612448856695,0.31953125,0.5708333333333333,818,822,3147,1338,2560,1440,0,0,0,0,0,0,0,1
1612448856746,0.31953125,0.5708333333333333,818,822,3147,1338,2560,1440,0,0,0,0,0,0,0,1
1612448856847,0.31875,0.5708333333333333,816,822,3144,1338,2560,1440,0,0,0,0,0,0,0,1
1612448856898,0.318359375,0.5708333333333333,815,822,3143,1338,2560,1440,0,0,0,0,0,0,0,1
1612448856949,0.318359375,0.5708333333333333,815,822,3143,1338,2560,1440,0,0,0,0,0,0,0,1
1612448857000,0.31796875,0.5708333333333333,814,822,3142,1338,2560,1440,0,0,0,0,0,0,0,1
1612448857051,0.31796875,0.5708333333333333,814,822,3142,1338,2560,1440,0,0,0,0,0,0,0,1
1612448863113,0.33046875,0.5743055555555555,846,827,3190,1345,2560,1440,1,0,0,0,0,0,0,1
1612448863164,0.3296875,0.575,844,828,3186,1346,2560,1440,0,0,0,1,0,0,0,0
1612448863281,0.321875,0.5756944444444444,824,829,3157,1348,2560,1440,0,0,0,0,0,0,0,1
1612448863331,0.3203125,0.575,820,828,3151,1346,2560,1440,0,0,0,0,0,0,0,1
1612448863382,0.31953125,0.5743055555555555,818,827,3148,1345,2560,1440,0,0,0,0,0,0,0,1
1612448863433,0.316796875,0.5729166666666666,811,825,3137,1342,2560,1440,0,0,0,0,0,0,0,1
1612448863483,0.316015625,0.5729166666666666,809,825,3134,1342,2560,1440,0,0,0,0,0,0,0,1
1612448863534,0.316015625,0.5729166666666666,809,825,3134,1342,2560,1440,0,0,0,0,0,0,0,1
1612448863585,0.316015625,0.5729166666666666,809,825,3134,1342,2560,1440,0,0,0,0,0,0,0,1
1612448863636,0.316015625,0.5729166666666666,809,825,3134,1342,2560,1440,0,0,0,0,0,0,0,1
1612448863686,0.316015625,0.5729166666666666,809,825,3134,1342,2560,1440,0,0,0,0,0,0,0,1
1612448863737,0.316015625,0.5729166666666666,809,825,3134,1342,2560,1440,0,0,0,0,0,0,0,1
1612448863788,0.316015625,0.5729166666666666,809,825,3134,1342,2560,1440,0,0,0,0,0,0,0,1
1612448863839,0.316015625,0.5729166666666666,809,825,3134,1342,2560,1440,0,0,0,0,0,0,0,1
1612448867173,0.3171875,0.5694444444444444,812,820,3138,1334,2560,1440,1,0,0,0,0,0,0,1
1612448867263,0.31875,0.5680555555555555,816,818,3144,1331,2560,1440,0,0,0,0,0,0,0,1
1612448867314,0.32109375,0.5652777777777778,822,814,3154,1326,2560,1440,0,0,0,0,0,0,0,1
1612448867365,0.3265625,0.5666666666666667,836,816,3174,1328,2560,1440,0,0,0,0,0,0,0,1
1612448867416,0.328125,0.5666666666666667,840,816,3180,1328,2560,1440,0,0,0,0,0,0,0,1
1612448867467,0.328125,0.5666666666666667,840,816,3181,1328,2560,1440,0,0,0,0,0,0,0,1
1612448867518,0.328515625,0.5666666666666667,841,816,3182,1328,2560,1440,0,0,0,0,0,0,0,1
1612448867568,0.328515625,0.5666666666666667,841,816,3182,1328,2560,1440,0,0,0,0,0,0,0,1
1612448867619,0.328515625,0.5666666666666667,841,816,3182,1328,2560,1440,0,0,0,0,0,0,0,1
1612448867670,0.328515625,0.5666666666666667,841,816,3182,1328,2560,1440,0,0,0,0,0,0,0,1
1612448867721,0.328515625,0.5666666666666667,841,816,3182,1328,2560,1440,0,0,0,0,0,0,0,1
1612448867772,0.328515625,0.5666666666666667,841,816,3182,1328,2560,1440,0,0,0,0,0,0,0,1
1612448867823,0.328515625,0.5666666666666667,841,816,3182,1328,2560,1440,0,0,0,0,0,0,0,1
1612448867873,0.328515625,0.5666666666666667,841,816,3182,1328,2560,1440,0,0,0,0,0,0,0,1
1612448867990,0.328515625,0.5666666666666667,841,816,3182,1328,2560,1440,0,0,0,0,0,0,0,1
1612448868093,0.328515625,0.5666666666666667,841,816,3182,1328,2560,1440,0,0,0,0,0,0,0,1
1612448868144,0.328515625,0.5666666666666667,841,816,3182,1328,2560,1440,0,0,0,0,0,0,0,1
1612448868194,0.328515625,0.5666666666666667,841,816,3182,1328,2560,1440,0,0,0,0,0,0,0,1
1612448868245,0.328515625,0.5666666666666667,841,816,3182,1328,2560,1440,0,0,0,0,0,0,0,1
1612448868295,0.328515625,0.5666666666666667,841,816,3182,1328,2560,1440,0,0,0,0,0,0,0,1
1612448868346,0.328515625,0.5666666666666667,841,816,3182,1328,2560,1440,0,0,0,0,0,0,0,1
1612448868397,0.328515625,0.5666666666666667,841,816,3182,1328,2560,1440,0,0,0,0,0,0,0,1
1612448868447,0.328515625,0.5666666666666667,841,816,3182,1328,2560,1440,0,0,0,0,0,0,0,1
1612448868498,0.328515625,0.5666666666666667,841,816,3182,1328,2560,1440,0,0,0,0,0,0,0,1
1612448868549,0.328515625,0.5666666666666667,841,816,3182,1328,2560,1440,0,0,0,0,0,0,0,1
1612448868600,0.32578125,0.5666666666666667,834,816,3171,1328,2560,1440,0,0,0,0,0,0,0,1
1612448868651,0.31953125,0.5666666666666667,818,816,3147,1328,2560,1440,0,0,0,0,0,0,0,1
1612448868702,0.31640625,0.5666666666666667,810,816,3135,1328,2560,1440,0,0,0,0,0,0,0,1
1612448868752,0.31640625,0.5666666666666667,810,816,3135,1328,2560,1440,0,0,0,0,0,0,0,1
1612448868803,0.31640625,0.5666666666666667,810,816,3135,1328,2560,1440,0,0,0,0,0,0,0,1
1612448868854,0.31640625,0.5666666666666667,810,816,3135,1328,2560,1440,0,0,0,0,0,0,0,1
1612448876024,0.329296875,0.5659722222222222,843,815,3185,1327,2560,1440,0,0,0,1,0,0,0,0
1612448876134,0.30234375,0.5659722222222222,774,815,3081,1327,2560,1440,0,0,0,0,0,0,0,1
1612448876185,0.30234375,0.5659722222222222,774,815,3081,1327,2560,1440,0,0,0,0,0,0,0,1
1612448876235,0.303125,0.5659722222222222,776,815,3085,1327,2560,1440,0,0,0,0,0,0,0,1
1612448876285,0.303125,0.5659722222222222,776,815,3085,1327,2560,1440,0,0,0,0,0,0,0,1
1612448876336,0.303125,0.5659722222222222,776,815,3085,1327,2560,1440,0,0,0,0,0,0,0,1
1612448876387,0.303125,0.5659722222222222,776,815,3085,1327,2560,1440,0,0,0,0,0,0,0,1
1612448876437,0.303125,0.5659722222222222,776,815,3085,1327,2560,1440,0,0,0,0,0,0,0,1
1612448876488,0.33828125,0.5659722222222222,866,815,3219,1327,2560,1440,0,0,0,0,0,0,0,1
1612448876539,0.346484375,0.5652777777777778,887,814,3251,1325,2560,1440,0,0,0,0,0,0,0,1
1612448876590,0.346875,0.5652777777777778,888,814,3252,1325,2560,1440,0,0,0,0,0,0,0,1
1612448881069,0.327734375,0.5715277777777777,839,823,3179,1339,2560,1440,1,0,0,1,0,0,0,0
1612448881196,0.342578125,0.5736111111111111,877,826,3236,1343,2560,1440,0,0,0,0,0,0,0,1
1612448881246,0.345703125,0.5736111111111111,885,826,3248,1343,2560,1440,0,0,0,0,0,0,0,1
1612448881297,0.34609375,0.5736111111111111,886,826,3250,1343,2560,1440,0,0,0,0,0,0,0,1
1612448881352,0.34609375,0.5736111111111111,886,826,3250,1343,2560,1440,0,0,0,0,0,0,0,1
1612448881403,0.346484375,0.5736111111111111,887,826,3251,1343,2560,1440,0,0,0,0,0,0,0,1
1612448881453,0.346484375,0.5736111111111111,887,826,3251,1344,2560,1440,0,0,0,0,0,0,0,1
1612448881504,0.346484375,0.5736111111111111,887,826,3251,1344,2560,1440,0,0,0,0,0,0,0,1
1612448884604,0.328125,0.5701388888888889,840,821,3180,1336,2560,1440,1,0,0,0,0,0,0,1
1612448884654,0.325,0.5701388888888889,832,821,3168,1336,2560,1440,0,0,0,1,0,0,0,0
1612448884753,0.31328125,0.5694444444444444,802,820,3124,1335,2560,1440,0,0,0,0,0,0,0,1
1612448884803,0.31328125,0.5694444444444444,802,820,3123,1335,2560,1440,0,0,0,0,0,0,0,1
1612448884854,0.31328125,0.5694444444444444,802,820,3123,1335,2560,1440,0,0,0,0,0,0,0,1
1612448884908,0.31328125,0.5694444444444444,802,820,3123,1335,2560,1440,0,0,0,0,0,0,0,1
1612448884959,0.31328125,0.5694444444444444,802,820,3123,1335,2560,1440,0,0,0,0,0,0,0,1
1612448885730,0.3375,0.56875,864,819,3217,1333,2560,1440,1,0,0,0,0,0,0,1
1612448885782,0.3390625,0.56875,868,819,3223,1333,2560,1440,0,0,0,1,0,0,0,0
1612448885880,0.34453125,0.56875,882,819,3243,1333,2560,1440,0,0,0,1,0,0,0,0
1612448885930,0.35234375,0.56875,902,819,3273,1333,2560,1440,0,0,0,0,0,0,0,1
1612448885981,0.35234375,0.56875,902,819,3273,1333,2560,1440,0,0,0,0,0,0,0,1
1612448886042,0.35234375,0.56875,902,819,3273,1333,2560,1440,0,0,0,0,0,0,0,1
1612448886093,0.35234375,0.56875,902,819,3273,1333,2560,1440,0,0,0,0,0,0,0,1
1612448885730,0.3375,0.56875,864,819,3217,1333,2560,1440,1,0,0,0,0,0,0,1
1612448885782,0.3390625,0.56875,868,819,3223,1333,2560,1440,0,0,0,1,0,0,0,0
1612448885880,0.34453125,0.56875,882,819,3243,1333,2560,1440,0,0,0,1,0,0,0,0
1612448885930,0.35234375,0.56875,902,819,3273,1333,2560,1440,0,0,0,0,0,0,0,1
1612448885981,0.35234375,0.56875,902,819,3273,1333,2560,1440,0,0,0,0,0,0,0,1
1612448886042,0.35234375,0.56875,902,819,3273,1333,2560,1440,0,0,0,0,0,0,0,1
1612448886093,0.35234375,0.56875,902,819,3273,1333,2560,1440,0,0,0,0,0,0,0,1
1612448886596,0.328125,0.56875,840,819,3180,1333,2560,1440,0,0,0,1,0,0,0,0
1612448886689,0.322265625,0.56875,825,819,3158,1333,2560,1440,0,0,0,1,0,0,0,0
1612448886739,0.3125,0.56875,800,819,3121,1333,2560,1440,0,0,0,0,0,0,0,1
1612448886789,0.3109375,0.56875,796,819,3115,1333,2560,1440,0,0,0,0,0,0,0,1
1612448886848,0.3109375,0.56875,796,819,3115,1333,2560,1440,0,0,0,0,0,0,0,1
1612448886899,0.3109375,0.56875,796,819,3115,1333,2560,1440,0,0,0,0,0,0,0,1
1612448886949,0.3109375,0.56875,796,819,3115,1333,2560,1440,0,0,0,0,0,0,0,1
1612448889231,0.32421875,0.56875,830,819,3166,1333,2560,1440,0,0,0,1,0,0,0,0
1612448889332,0.31796875,0.5680555555555555,814,818,3142,1331,2560,1440,0,0,0,0,0,0,0,1
1612448889383,0.317578125,0.5680555555555555,813,818,3140,1331,2560,1440,0,0,0,0,0,0,0,1
1612448889433,0.317578125,0.5680555555555555,813,818,3140,1332,2560,1440,0,0,0,0,0,0,0,1
1612448889484,0.317578125,0.5680555555555555,813,818,3140,1332,2560,1440,0,0,0,0,0,0,0,1
1612448889534,0.317578125,0.5680555555555555,813,818,3140,1332,2560,1440,0,0,0,0,0,0,0,1
1612448892336,0.32734375,0.5680555555555555,838,818,3177,1331,2560,1440,0,0,0,0,0,0,0,1
1612448892427,0.32734375,0.5680555555555555,838,818,3177,1331,2560,1440,0,0,0,0,0,0,0,1
1612448892477,0.32734375,0.5680555555555555,838,818,3177,1331,2560,1440,0,0,0,0,0,0,0,1
1612448892528,0.32734375,0.5680555555555555,838,818,3177,1331,2560,1440,0,0,0,0,0,0,0,1
1612448892578,0.32734375,0.5680555555555555,838,818,3177,1331,2560,1440,0,0,0,0,0,0,0,1
1612448892629,0.32734375,0.5680555555555555,838,818,3177,1331,2560,1440,0,0,0,0,0,0,0,1
1612448892679,0.32734375,0.5680555555555555,838,818,3178,1331,2560,1440,0,0,0,0,0,0,0,1
1612448892730,0.328515625,0.5680555555555555,841,818,3182,1331,2560,1440,0,0,0,0,0,0,0,1
1612448892781,0.328515625,0.5680555555555555,841,818,3182,1331,2560,1440,0,0,0,0,0,0,0,1
1612448892832,0.328515625,0.5680555555555555,841,818,3182,1331,2560,1440,0,0,0,0,0,0,0,1
1612448892882,0.328515625,0.5680555555555555,841,818,3182,1331,2560,1440,1,0,0,0,0,0,0,1
1612448892933,0.328515625,0.5680555555555555,841,818,3182,1331,2560,1440,0,0,0,0,0,0,0,1
1612448892984,0.328515625,0.5680555555555555,841,818,3182,1331,2560,1440,0,0,0,0,0,0,0,1
1612448893035,0.328515625,0.5680555555555555,841,818,3182,1331,2560,1440,0,0,0,0,0,0,0,1
1612448893085,0.328515625,0.5680555555555555,841,818,3182,1331,2560,1440,0,0,0,0,0,0,0,1
1612448893136,0.3296875,0.5680555555555555,844,818,3187,1332,2560,1440,0,0,0,0,0,0,0,1
1612448893238,0.353515625,0.5715277777777777,905,823,3278,1339,2560,1440,0,0,0,0,0,0,0,1
1612448893288,0.353515625,0.5715277777777777,905,823,3278,1339,2560,1440,0,0,0,0,0,0,0,1
1612448895949,0.32890625,0.5673611111111111,842,817,3184,1330,2560,1440,1,0,0,0,0,0,0,1
1612448896000,0.322265625,0.5659722222222222,825,815,3158,1327,2560,1440,0,0,0,1,0,0,0,0
1612448896098,0.317578125,0.5652777777777778,813,814,3140,1326,2560,1440,0,0,0,0,0,0,0,1
1612448896149,0.317578125,0.5652777777777778,813,814,3140,1326,2560,1440,0,0,0,0,0,0,0,1
1612448896199,0.317578125,0.5652777777777778,813,814,3140,1326,2560,1440,0,0,0,0,0,0,0,1
1612448895949,0.32890625,0.5673611111111111,842,817,3184,1330,2560,1440,1,0,0,0,0,0,0,1
1612448896000,0.322265625,0.5659722222222222,825,815,3158,1327,2560,1440,0,0,0,1,0,0,0,0
1612448896098,0.317578125,0.5652777777777778,813,814,3140,1326,2560,1440,0,0,0,0,0,0,0,1
1612448896149,0.317578125,0.5652777777777778,813,814,3140,1326,2560,1440,0,0,0,0,0,0,0,1
1612448896199,0.317578125,0.5652777777777778,813,814,3140,1326,2560,1440,0,0,0,0,0,0,0,1
1612448919660,0.337890625,0.5708333333333333,865,822,3218,1338,2560,1440,0,0,0,0,0,0,0,1
1612448919772,0.3453125,0.5708333333333333,884,822,3247,1337,2560,1440,0,0,0,0,0,0,0,1
1612448919823,0.3484375,0.5708333333333333,892,822,3259,1337,2560,1440,0,0,0,0,0,0,0,1
1612448919873,0.35078125,0.5708333333333333,898,822,3268,1337,2560,1440,0,0,0,0,0,0,0,1
1612448919925,0.353125,0.5708333333333333,904,822,3276,1337,2560,1440,0,0,0,0,0,0,0,1
1612448919975,0.353125,0.5708333333333333,904,822,3277,1337,2560,1440,0,0,0,0,0,0,0,1
1612448920025,0.353125,0.5708333333333333,904,822,3277,1337,2560,1440,0,0,0,0,0,0,0,1
1612448920076,0.353125,0.5708333333333333,904,822,3277,1337,2560,1440,0,0,0,0,0,0,0,1
1612448920127,0.353125,0.5708333333333333,904,822,3277,1337,2560,1440,0,0,0,0,0,0,0,1
1612448920177,0.353125,0.5708333333333333,904,822,3277,1337,2560,1440,0,0,0,0,0,0,0,1
1612448920229,0.353125,0.5708333333333333,904,822,3277,1337,2560,1440,0,0,0,0,0,0,0,1
1612448920279,0.353125,0.5708333333333333,904,822,3277,1337,2560,1440,0,0,0,0,0,0,0,1
1612448920330,0.353125,0.5708333333333333,904,822,3277,1337,2560,1440,0,0,0,0,0,0,0,1
1612448920381,0.353125,0.5708333333333333,904,822,3277,1337,2560,1440,0,0,0,0,0,0,0,1
1612448920432,0.353125,0.5708333333333333,904,822,3277,1337,2560,1440,0,0,0,0,0,0,0,1
1612448920483,0.353125,0.5708333333333333,904,822,3277,1337,2560,1440,0,0,0,0,0,0,0,1
1612448920533,0.353125,0.5708333333333333,904,822,3277,1337,2560,1440,0,0,0,0,0,0,0,1
1612448920584,0.353125,0.5708333333333333,904,822,3277,1337,2560,1440,0,0,0,0,0,0,0,1
1612448920634,0.353125,0.5708333333333333,904,822,3277,1337,2560,1440,0,0,0,0,0,0,0,1
1612448920685,0.353125,0.5708333333333333,904,822,3277,1337,2560,1440,0,0,0,0,0,0,0,1
1612448920736,0.353125,0.5708333333333333,904,822,3277,1337,2560,1440,0,0,0,0,0,0,0,1
1612448920786,0.353125,0.5708333333333333,904,822,3277,1337,2560,1440,0,0,0,0,0,0,0,1
1612448920837,0.353125,0.5708333333333333,904,822,3277,1337,2560,1440,0,0,0,0,0,0,0,1
1612448920887,0.352734375,0.5708333333333333,903,822,3275,1337,2560,1440,0,0,0,0,0,0,0,1
1612448920938,0.34765625,0.5708333333333333,890,822,3256,1337,2560,1440,0,0,0,0,0,0,0,1
1612448920989,0.34609375,0.5708333333333333,886,822,3249,1337,2560,1440,0,0,0,0,0,0,0,1
1612448921045,0.34609375,0.5708333333333333,886,822,3249,1337,2560,1440,0,0,0,0,0,0,0,1
1612448921096,0.34609375,0.5708333333333333,886,822,3249,1337,2560,1440,0,0,0,0,0,0,0,1
1612448925134,0.328125,0.5645833333333333,840,813,3181,1324,2560,1440,1,0,0,0,0,0,0,1
1612448925185,0.3296875,0.5638888888888889,844,812,3187,1323,2560,1440,0,0,0,1,0,0,0,0
1612448925286,0.33671875,0.5638888888888889,862,812,3214,1323,2560,1440,0,0,0,0,0,0,0,1
1612448925336,0.33671875,0.5638888888888889,862,812,3214,1323,2560,1440,0,0,0,0,0,0,0,1
1612448925387,0.33671875,0.5638888888888889,862,812,3214,1323,2560,1440,0,0,0,0,0,0,0,1
1612448925438,0.33671875,0.5638888888888889,862,812,3214,1323,2560,1440,0,0,0,0,0,0,0,1
1612448925488,0.3375,0.5638888888888889,864,812,3217,1323,2560,1440,0,0,0,0,0,0,0,1
1612448925539,0.3375,0.5638888888888889,864,812,3217,1323,2560,1440,0,0,0,0,0,0,0,1
1612448925590,0.3375,0.5638888888888889,864,812,3217,1323,2560,1440,0,0,0,0,0,0,0,1
1612448925692,0.3375,0.5638888888888889,864,812,3217,1323,2560,1440,1,0,0,0,0,0,0,1
1612448925742,0.3390625,0.5638888888888889,868,812,3223,1323,2560,1440,0,0,0,0,0,0,0,1
1612448925793,0.34140625,0.5638888888888889,874,812,3232,1323,2560,1440,0,0,0,0,0,0,0,1
1612448925844,0.34140625,0.5638888888888889,874,812,3232,1323,2560,1440,0,0,0,0,0,0,0,1
1612448925894,0.34140625,0.5638888888888889,874,812,3232,1323,2560,1440,0,0,0,0,0,0,0,1
1612448925944,0.34140625,0.5638888888888889,874,812,3232,1323,2560,1440,0,0,0,0,0,0,0,1
1612448932045,0.330078125,0.5680555555555555,845,818,3188,1332,2560,1440,1,0,0,0,0,0,0,1
1612448932095,0.330078125,0.5680555555555555,845,818,3188,1332,2560,1440,0,0,0,0,0,0,0,1
1612448932177,0.340625,0.5680555555555555,872,818,3229,1332,2560,1440,0,0,0,0,0,0,0,1
1612448932228,0.344140625,0.56875,881,819,3242,1333,2560,1440,0,0,0,0,0,0,0,1
1612448932279,0.34453125,0.56875,882,819,3243,1333,2560,1440,0,0,0,0,0,0,0,1
1612448932329,0.34453125,0.56875,882,819,3243,1333,2560,1440,0,0,0,0,0,0,0,1
1612448932381,0.34453125,0.56875,882,819,3243,1333,2560,1440,0,0,0,0,0,0,0,1
1612448932431,0.34453125,0.56875,882,819,3243,1333,2560,1440,0,0,0,0,0,0,0,1
1612448932482,0.34453125,0.56875,882,819,3243,1333,2560,1440,0,0,0,0,0,0,0,1
1612448932532,0.34453125,0.56875,882,819,3243,1333,2560,1440,0,0,0,0,0,0,0,1
1612448935073,0.332421875,0.5708333333333333,851,822,3197,1337,2560,1440,0,0,0,1,0,0,0,0
1612448935168,0.334765625,0.5708333333333333,857,822,3206,1337,2560,1440,0,0,0,1,0,0,0,0
1612448935218,0.33984375,0.5701388888888889,870,821,3225,1336,2560,1440,0,0,0,0,0,0,0,1
1612448935269,0.3421875,0.5694444444444444,876,820,3234,1335,2560,1440,0,0,0,0,0,0,0,1
1612448935323,0.34296875,0.5694444444444444,878,820,3238,1335,2560,1440,0,0,0,0,0,0,0,1
1612448935373,0.34296875,0.5694444444444444,878,820,3238,1335,2560,1440,0,0,0,0,0,0,0,1
1612448935424,0.34296875,0.5694444444444444,878,820,3238,1335,2560,1440,0,0,0,0,0,0,0,1
1612448937439,0.33125,0.5694444444444444,848,820,3193,1335,2560,1440,1,0,0,0,0,0,0,1
1612448937492,0.3359375,0.5694444444444444,860,820,3211,1335,2560,1440,0,0,0,1,0,0,0,0
1612448937578,0.34296875,0.5694444444444444,878,820,3238,1335,2560,1440,0,0,0,0,0,0,0,1
1612448937629,0.34296875,0.5694444444444444,878,820,3238,1335,2560,1440,0,0,0,0,0,0,0,1
1612448937679,0.34296875,0.5694444444444444,878,820,3238,1335,2560,1440,0,0,0,0,0,0,0,1
1612448937730,0.34296875,0.5694444444444444,878,820,3238,1335,2560,1440,0,0,0,0,0,0,0,1
1612448939891,0.333984375,0.5680555555555555,855,818,3203,1332,2560,1440,1,0,0,1,0,0,0,0
1612448940008,0.3453125,0.5694444444444444,884,820,3246,1334,2560,1440,0,0,0,0,0,0,0,1
1612448940059,0.3453125,0.5694444444444444,884,820,3246,1334,2560,1440,0,0,0,0,0,0,0,1
1612448940110,0.3453125,0.5694444444444444,884,820,3246,1334,2560,1440,0,0,0,0,0,0,0,1
1612448940160,0.3453125,0.5694444444444444,884,820,3246,1334,2560,1440,0,0,0,0,0,0,0,1
1612448947729,0.3359375,0.5694444444444444,860,820,3210,1335,2560,1440,0,0,0,0,0,0,0,1
1612448947823,0.3546875,0.5659722222222222,908,815,3283,1327,2560,1440,0,0,0,0,0,0,0,1
1612448947874,0.3546875,0.5659722222222222,908,815,3283,1327,2560,1440,0,0,0,0,0,0,0,1
1612448947924,0.3546875,0.5659722222222222,908,815,3283,1327,2560,1440,0,0,0,0,0,0,0,1
1612448947975,0.353515625,0.5652777777777778,905,814,3278,1326,2560,1440,0,0,0,0,0,0,0,1
1612448948025,0.353125,0.5652777777777778,904,814,3276,1326,2560,1440,0,0,0,0,0,0,0,1
1612448948076,0.351953125,0.5652777777777778,901,814,3272,1326,2560,1440,0,0,0,0,0,0,0,1
1612448948126,0.349609375,0.5652777777777778,895,814,3263,1326,2560,1440,0,0,0,0,0,0,0,1
1612448948177,0.34765625,0.5652777777777778,890,814,3255,1326,2560,1440,0,0,0,0,0,0,0,1
1612448948228,0.34765625,0.5652777777777778,890,814,3255,1326,2560,1440,0,0,0,0,0,0,0,1
1612448948279,0.34765625,0.5652777777777778,890,814,3255,1326,2560,1440,0,0,0,0,0,0,0,1
1612448948330,0.34765625,0.5652777777777778,890,814,3255,1326,2560,1440,0,0,0,0,0,0,0,1
1612448948380,0.346484375,0.5652777777777778,887,814,3251,1326,2560,1440,0,0,0,0,0,0,0,1
1612448948432,0.34609375,0.5652777777777778,886,814,3249,1326,2560,1440,0,0,0,0,0,0,0,1
1612448948482,0.345703125,0.5652777777777778,885,814,3248,1326,2560,1440,0,0,0,0,0,0,0,1
1612448948533,0.343359375,0.5673611111111111,879,817,3239,1330,2560,1440,0,0,0,0,0,0,0,1
1612448948583,0.34296875,0.5673611111111111,878,817,3238,1330,2560,1440,0,0,0,0,0,0,0,1
1612448948634,0.34296875,0.5673611111111111,878,817,3238,1330,2560,1440,0,0,0,0,0,0,0,1
1612448948684,0.34296875,0.5673611111111111,878,817,3238,1330,2560,1440,0,0,0,0,0,0,0,1
1612448948735,0.34296875,0.5673611111111111,878,817,3238,1330,2560,1440,0,0,0,0,0,0,0,1
1612448948786,0.34296875,0.5673611111111111,878,817,3238,1330,2560,1440,0,0,0,0,0,0,0,1
1612448948836,0.34296875,0.5673611111111111,878,817,3238,1330,2560,1440,0,0,0,0,0,0,0,1
1612448948887,0.34296875,0.5673611111111111,878,817,3238,1330,2560,1440,0,0,0,0,0,0,0,1
1612448948988,0.34296875,0.5673611111111111,878,817,3238,1330,2560,1440,0,0,0,0,0,0,0,1
1612448949039,0.34296875,0.5673611111111111,878,817,3238,1330,2560,1440,0,0,0,0,0,0,0,1
1612448949090,0.34296875,0.5673611111111111,878,817,3238,1330,2560,1440,0,0,0,0,0,0,0,1
1612448949140,0.34296875,0.5673611111111111,878,817,3238,1330,2560,1440,0,0,0,0,0,0,0,1
1612448949191,0.34296875,0.5673611111111111,878,817,3238,1330,2560,1440,0,0,0,0,0,0,0,1
1612448949242,0.34296875,0.5673611111111111,878,817,3238,1330,2560,1440,0,0,0,0,0,0,0,1
1612448949292,0.34296875,0.5673611111111111,878,817,3238,1330,2560,1440,0,0,0,0,0,0,0,1
1612448949343,0.34296875,0.5673611111111111,878,817,3238,1330,2560,1440,0,0,0,0,0,0,0,1
1612448949394,0.34296875,0.5673611111111111,878,817,3238,1330,2560,1440,0,0,0,0,0,0,0,1
1612448949444,0.34296875,0.5673611111111111,878,817,3238,1330,2560,1440,0,0,0,0,0,0,0,1
1612448949495,0.34296875,0.5673611111111111,878,817,3238,1330,2560,1440,0,0,0,0,0,0,0,1
1612448949546,0.34296875,0.5673611111111111,878,817,3238,1330,2560,1440,0,0,0,0,0,0,0,1
1612448949597,0.34296875,0.5673611111111111,878,817,3238,1330,2560,1440,0,0,0,0,0,0,0,1
1612448949647,0.34296875,0.5673611111111111,878,817,3238,1330,2560,1440,0,0,0,0,0,0,0,1
1612448949698,0.34296875,0.5673611111111111,878,817,3238,1330,2560,1440,0,0,0,0,0,0,0,1
1612448949749,0.34296875,0.5673611111111111,878,817,3238,1330,2560,1440,0,0,0,0,0,0,0,1
1612448949800,0.34296875,0.5673611111111111,878,817,3238,1330,2560,1440,0,0,0,0,0,0,0,1
1612448949850,0.34296875,0.5673611111111111,878,817,3238,1330,2560,1440,0,0,0,0,0,0,0,1
1612448949901,0.34296875,0.5673611111111111,878,817,3238,1330,2560,1440,0,0,0,0,0,0,0,1
1612448948988,0.34296875,0.5673611111111111,878,817,3238,1330,2560,1440,0,0,0,0,0,0,0,1
1612448949039,0.34296875,0.5673611111111111,878,817,3238,1330,2560,1440,0,0,0,0,0,0,0,1
1612448949090,0.34296875,0.5673611111111111,878,817,3238,1330,2560,1440,0,0,0,0,0,0,0,1
1612448949140,0.34296875,0.5673611111111111,878,817,3238,1330,2560,1440,0,0,0,0,0,0,0,1
1612448949191,0.34296875,0.5673611111111111,878,817,3238,1330,2560,1440,0,0,0,0,0,0,0,1
1612448949242,0.34296875,0.5673611111111111,878,817,3238,1330,2560,1440,0,0,0,0,0,0,0,1
1612448949292,0.34296875,0.5673611111111111,878,817,3238,1330,2560,1440,0,0,0,0,0,0,0,1
1612448949343,0.34296875,0.5673611111111111,878,817,3238,1330,2560,1440,0,0,0,0,0,0,0,1
1612448949394,0.34296875,0.5673611111111111,878,817,3238,1330,2560,1440,0,0,0,0,0,0,0,1
1612448949444,0.34296875,0.5673611111111111,878,817,3238,1330,2560,1440,0,0,0,0,0,0,0,1
1612448949495,0.34296875,0.5673611111111111,878,817,3238,1330,2560,1440,0,0,0,0,0,0,0,1
1612448949546,0.34296875,0.5673611111111111,878,817,3238,1330,2560,1440,0,0,0,0,0,0,0,1
1612448949597,0.34296875,0.5673611111111111,878,817,3238,1330,2560,1440,0,0,0,0,0,0,0,1
1612448949647,0.34296875,0.5673611111111111,878,817,3238,1330,2560,1440,0,0,0,0,0,0,0,1
1612448949698,0.34296875,0.5673611111111111,878,817,3238,1330,2560,1440,0,0,0,0,0,0,0,1
1612448949749,0.34296875,0.5673611111111111,878,817,3238,1330,2560,1440,0,0,0,0,0,0,0,1
1612448949800,0.34296875,0.5673611111111111,878,817,3238,1330,2560,1440,0,0,0,0,0,0,0,1
1612448949850,0.34296875,0.5673611111111111,878,817,3238,1330,2560,1440,0,0,0,0,0,0,0,1
1612448949901,0.34296875,0.5673611111111111,878,817,3238,1330,2560,1440,0,0,0,0,0,0,0,1
1612449001115,0.332421875,0.5659722222222222,851,815,3197,1327,2560,1440,1,0,0,0,0,0,0,1
1612449001165,0.332421875,0.5659722222222222,851,815,3197,1327,2560,1440,0,0,0,0,0,0,0,1
1612449001298,0.332421875,0.5659722222222222,851,815,3197,1327,2560,1440,0,0,0,0,0,0,0,1
1612449001349,0.332421875,0.5659722222222222,851,815,3197,1327,2560,1440,0,0,0,0,0,0,0,1
1612449001400,0.34453125,0.5666666666666667,882,816,3243,1329,2560,1440,0,0,0,0,0,0,0,1
1612449001450,0.354296875,0.56875,907,819,3281,1333,2560,1440,0,0,0,0,0,0,0,1
1612449001501,0.356640625,0.5694444444444444,913,820,3290,1334,2560,1440,0,0,0,0,0,0,0,1
1612449001551,0.35703125,0.5694444444444444,914,820,3291,1334,2560,1440,0,0,0,0,0,0,0,1
1612449001602,0.358984375,0.5694444444444444,919,820,3299,1334,2560,1440,0,0,0,0,0,0,0,1
1612449001653,0.360546875,0.5694444444444444,923,820,3305,1334,2560,1440,0,0,0,0,0,0,0,1
1612449001703,0.36171875,0.56875,926,819,3309,1333,2560,1440,0,0,0,0,0,0,0,1
1612449001754,0.36171875,0.56875,926,819,3310,1333,2560,1440,0,0,0,0,0,0,0,1
1612449001805,0.36171875,0.56875,926,819,3310,1333,2560,1440,0,0,0,0,0,0,0,1
1612449001855,0.36171875,0.56875,926,819,3310,1333,2560,1440,0,0,0,0,0,0,0,1
1612449001906,0.36171875,0.56875,926,819,3310,1333,2560,1440,0,0,0,0,0,0,0,1
1612449001956,0.36171875,0.56875,926,819,3310,1333,2560,1440,0,0,0,0,0,0,0,1
1612449002007,0.35703125,0.5680555555555555,914,818,3291,1332,2560,1440,0,0,0,0,0,0,0,1
1612449002058,0.34921875,0.5680555555555555,894,818,3261,1332,2560,1440,0,0,0,0,0,0,0,1
1612449002108,0.34921875,0.5680555555555555,894,818,3261,1331,2560,1440,0,0,0,0,0,0,0,1
1612449002159,0.34921875,0.5680555555555555,894,818,3261,1331,2560,1440,0,0,0,0,0,0,0,1
1612449002209,0.34921875,0.5680555555555555,894,818,3261,1331,2560,1440,0,0,0,0,0,0,0,1
1612449002260,0.349609375,0.5673611111111111,895,817,3263,1330,2560,1440,0,0,0,0,0,0,0,1
1612449002312,0.3515625,0.5666666666666667,900,816,3271,1329,2560,1440,0,0,0,0,0,0,0,1
1612449002363,0.35234375,0.5666666666666667,902,816,3274,1328,2560,1440,0,0,0,0,0,0,0,1
1612449002413,0.352734375,0.5666666666666667,903,816,3275,1328,2560,1440,0,0,0,0,0,0,0,1
1612449002464,0.352734375,0.5666666666666667,903,816,3275,1328,2560,1440,0,0,0,0,0,0,0,1
1612449002515,0.352734375,0.5666666666666667,903,816,3275,1328,2560,1440,0,0,0,0,0,0,0,1
1612449002565,0.352734375,0.5666666666666667,903,816,3275,1328,2560,1440,0,0,0,0,0,0,0,1
1612449005436,0.32734375,0.5666666666666667,838,816,3177,1328,2560,1440,1,0,0,0,0,0,0,1
1612449005487,0.32734375,0.5666666666666667,838,816,3177,1328,2560,1440,0,0,0,0,0,0,0,1
1612449005577,0.3234375,0.5666666666666667,828,816,3163,1328,2560,1440,0,0,0,0,0,0,0,1
1612449005678,0.31953125,0.5666666666666667,818,816,3148,1329,2560,1440,0,0,0,0,0,0,0,1
1612449005730,0.31875,0.5666666666666667,816,816,3144,1329,2560,1440,0,0,0,0,0,0,0,1
1612449005780,0.318359375,0.5666666666666667,815,816,3143,1329,2560,1440,0,0,0,0,0,0,0,1
1612449005831,0.318359375,0.5666666666666667,815,816,3143,1329,2560,1440,0,0,0,0,0,0,0,1
1612449005881,0.318359375,0.5666666666666667,815,816,3143,1329,2560,1440,0,0,0,0,0,0,0,1
1612449005932,0.318359375,0.5666666666666667,815,816,3143,1329,2560,1440,0,0,0,0,0,0,0,1
1612449005983,0.318359375,0.5666666666666667,815,816,3143,1329,2560,1440,0,0,0,0,0,0,0,1
1612449006034,0.318359375,0.5666666666666667,815,816,3143,1329,2560,1440,0,0,0,0,0,0,0,1
1612449009019,0.33359375,0.5666666666666667,854,816,3201,1328,2560,1440,1,0,0,0,0,0,0,1
1612449009069,0.33359375,0.5666666666666667,854,816,3201,1328,2560,1440,0,0,0,0,0,0,0,1
1612449009179,0.33359375,0.5666666666666667,854,816,3201,1328,2560,1440,0,0,0,0,0,0,0,1
1612449009229,0.33359375,0.5666666666666667,854,816,3201,1328,2560,1440,0,0,0,0,0,0,0,1
1612449009280,0.33359375,0.5666666666666667,854,816,3201,1328,2560,1440,0,0,0,0,0,0,0,1
1612449009330,0.33359375,0.5666666666666667,854,816,3201,1328,2560,1440,0,0,0,0,0,0,0,1
1612449009381,0.33359375,0.5666666666666667,854,816,3201,1328,2560,1440,0,0,0,0,0,0,0,1
1612449009432,0.33359375,0.5666666666666667,854,816,3201,1328,2560,1440,0,0,0,0,0,0,0,1
1612449009483,0.33359375,0.5666666666666667,854,816,3201,1328,2560,1440,0,0,0,0,0,0,0,1
1612449009533,0.33359375,0.5666666666666667,854,816,3201,1328,2560,1440,0,0,0,0,0,0,0,1
1612449009584,0.33359375,0.5666666666666667,854,816,3201,1328,2560,1440,0,0,0,0,0,0,0,1
1612449009635,0.33359375,0.5666666666666667,854,816,3201,1328,2560,1440,0,0,0,0,0,0,0,1
1612449009736,0.33359375,0.5666666666666667,854,816,3201,1328,2560,1440,0,0,0,0,0,0,0,1
1612449009787,0.33359375,0.5666666666666667,854,816,3201,1328,2560,1440,0,0,0,0,0,0,0,1
1612449009837,0.33359375,0.5666666666666667,854,816,3201,1328,2560,1440,0,0,0,0,0,0,0,1
1612449009888,0.33359375,0.5666666666666667,854,816,3201,1328,2560,1440,0,0,0,0,0,0,0,1
1612449009938,0.33359375,0.5666666666666667,854,816,3201,1328,2560,1440,0,0,0,0,0,0,0,1
1612449009989,0.33359375,0.5666666666666667,854,816,3201,1328,2560,1440,0,0,0,0,0,0,0,1
1612449010040,0.33359375,0.5666666666666667,854,816,3201,1328,2560,1440,0,0,0,0,0,0,0,1
1612449010090,0.33359375,0.5666666666666667,854,816,3201,1328,2560,1440,0,0,0,0,0,0,0,1
1612449010141,0.33359375,0.5666666666666667,854,816,3201,1328,2560,1440,0,0,0,0,0,0,0,1
1612449010192,0.33359375,0.5666666666666667,854,816,3201,1328,2560,1440,0,0,0,0,0,0,0,1
1612449010242,0.33359375,0.5666666666666667,854,816,3201,1328,2560,1440,0,0,0,0,0,0,0,1
1612449010293,0.33359375,0.5666666666666667,854,816,3201,1328,2560,1440,0,0,0,0,0,0,0,1
1612449010344,0.33359375,0.5666666666666667,854,816,3201,1328,2560,1440,0,0,0,0,0,0,0,1
1612449010394,0.33359375,0.5666666666666667,854,816,3201,1328,2560,1440,0,0,0,0,0,0,0,1
1612449010445,0.33359375,0.5666666666666667,854,816,3201,1328,2560,1440,0,0,0,0,0,0,0,1
1612449010496,0.33359375,0.5666666666666667,854,816,3202,1328,2560,1440,0,0,0,0,0,0,0,1
1612449010547,0.334375,0.5666666666666667,856,816,3204,1328,2560,1440,0,0,0,0,0,0,0,1
1612449010598,0.334375,0.5666666666666667,856,816,3204,1328,2560,1440,0,0,0,0,0,0,0,1
1612449010648,0.334375,0.5666666666666667,856,816,3205,1328,2560,1440,0,0,0,0,0,0,0,1
1612449010750,0.337109375,0.5680555555555555,863,818,3215,1331,2560,1440,0,0,0,0,0,0,0,1
1612449010800,0.3375,0.56875,864,819,3217,1333,2560,1440,0,0,0,0,0,0,0,1
1612449010851,0.3375,0.5722222222222222,864,824,3217,1341,2560,1440,0,0,0,0,0,0,0,1
1612449010901,0.337890625,0.5729166666666666,865,825,3218,1342,2560,1440,0,0,0,0,0,0,0,1
1612449010952,0.337890625,0.5729166666666666,865,825,3218,1342,2560,1440,0,0,0,0,0,0,0,1
1612449011002,0.337890625,0.5722222222222222,865,824,3218,1340,2560,1440,0,0,0,0,0,0,0,1
1612449011053,0.3375,0.5701388888888889,864,821,3217,1336,2560,1440,0,0,0,0,0,0,0,1
1612449011104,0.3375,0.5701388888888889,864,821,3217,1336,2560,1440,0,0,0,0,0,0,0,1
1612449011155,0.3375,0.5701388888888889,864,821,3217,1336,2560,1440,0,0,0,0,0,0,0,1
1612449011205,0.3375,0.5701388888888889,864,821,3217,1336,2560,1440,0,0,0,0,0,0,0,1
1612449011256,0.3375,0.5701388888888889,864,821,3217,1336,2560,1440,0,0,0,0,0,0,0,1
1612449011307,0.3375,0.5701388888888889,864,821,3217,1336,2560,1440,0,0,0,0,0,0,0,1
1612449011358,0.3375,0.5701388888888889,864,821,3217,1336,2560,1440,0,0,0,0,0,0,0,1
1612449011409,0.3375,0.5701388888888889,864,821,3217,1336,2560,1440,0,0,0,0,0,0,0,1
1612449011459,0.3375,0.5701388888888889,864,821,3217,1336,2560,1440,0,0,0,0,0,0,0,1
1612449011510,0.3375,0.5701388888888889,864,821,3217,1336,2560,1440,0,0,0,0,0,0,0,1
1612449011561,0.3375,0.5701388888888889,864,821,3217,1336,2560,1440,0,0,0,0,0,0,0,1
1612449011612,0.3375,0.5701388888888889,864,821,3217,1336,2560,1440,0,0,0,0,0,0,0,1
1612449011663,0.3375,0.5701388888888889,864,821,3217,1336,2560,1440,0,0,0,0,0,0,0,1
1612449011764,0.3375,0.5701388888888889,864,821,3217,1336,2560,1440,0,0,0,0,0,0,0,1
1612449011815,0.3375,0.5701388888888889,864,821,3217,1336,2560,1440,0,0,0,0,0,0,0,1
1612449011865,0.3375,0.5701388888888889,864,821,3217,1336,2560,1440,0,0,0,0,0,0,0,1
1612449011916,0.3375,0.5701388888888889,864,821,3217,1336,2560,1440,0,0,0,0,0,0,0,1
1612449011967,0.3375,0.5701388888888889,864,821,3217,1336,2560,1440,0,0,0,0,0,0,0,1
1612449012018,0.3375,0.5701388888888889,864,821,3217,1336,2560,1440,0,0,0,0,0,0,0,1
1612449012069,0.3375,0.5701388888888889,864,821,3217,1336,2560,1440,0,0,0,0,0,0,0,1
1612449012119,0.3375,0.5701388888888889,864,821,3217,1336,2560,1440,0,0,0,0,0,0,0,1
1612449012170,0.3375,0.5701388888888889,864,821,3217,1336,2560,1440,0,0,0,0,0,0,0,1
1612449012221,0.3375,0.5701388888888889,864,821,3217,1336,2560,1440,0,0,0,0,0,0,0,1
1612449012272,0.3375,0.5701388888888889,864,821,3217,1336,2560,1440,0,0,0,0,0,0,0,1
1612449012323,0.3375,0.5701388888888889,864,821,3217,1336,2560,1440,0,0,0,0,0,0,0,1
1612449012373,0.3375,0.5701388888888889,864,821,3217,1336,2560,1440,0,0,0,0,0,0,0,1
1612449012424,0.3375,0.5701388888888889,864,821,3217,1336,2560,1440,0,0,0,0,0,0,0,1
1612449012475,0.3375,0.5701388888888889,864,821,3217,1336,2560,1440,0,0,0,0,0,0,0,1
1612449012526,0.3375,0.5701388888888889,864,821,3217,1336,2560,1440,0,0,0,0,0,0,0,1
1612449012576,0.3375,0.5701388888888889,864,821,3217,1336,2560,1440,0,0,0,0,0,0,0,1
1612449012627,0.3375,0.5701388888888889,864,821,3217,1336,2560,1440,0,0,0,0,0,0,0,1
1612449012678,0.3375,0.5701388888888889,864,821,3217,1336,2560,1440,0,0,0,0,0,0,0,1
1612449012779,0.3375,0.5701388888888889,864,821,3217,1336,2560,1440,0,0,0,0,0,0,0,1
1612449012830,0.3375,0.5701388888888889,864,821,3217,1336,2560,1440,0,0,0,0,0,0,0,1
1612449012880,0.3375,0.5701388888888889,864,821,3217,1336,2560,1440,0,0,0,0,0,0,0,1
1612449012931,0.3375,0.5701388888888889,864,821,3217,1336,2560,1440,0,0,0,0,0,0,0,1
1612449012982,0.3375,0.5701388888888889,864,821,3217,1336,2560,1440,0,0,0,0,0,0,0,1
1612449013033,0.3375,0.5701388888888889,864,821,3217,1336,2560,1440,0,0,0,0,0,0,0,1
1612449013084,0.3375,0.5701388888888889,864,821,3217,1336,2560,1440,0,0,0,0,0,0,0,1
1612449013135,0.3375,0.5701388888888889,864,821,3217,1336,2560,1440,0,0,0,0,0,0,0,1
1612449013185,0.3375,0.5701388888888889,864,821,3217,1336,2560,1440,0,0,0,0,0,0,0,1
1612449013236,0.3375,0.5701388888888889,864,821,3217,1336,2560,1440,0,0,0,0,0,0,0,1
1612449013287,0.3375,0.5701388888888889,864,821,3217,1336,2560,1440,0,0,0,0,0,0,0,1
1612449013338,0.3375,0.5701388888888889,864,821,3217,1336,2560,1440,0,0,0,0,0,0,0,1
1612449013388,0.3375,0.5701388888888889,864,821,3217,1336,2560,1440,0,0,0,0,0,0,0,1
1612449013439,0.3375,0.5701388888888889,864,821,3217,1336,2560,1440,0,0,0,0,0,0,0,1
1612449013490,0.3375,0.5701388888888889,864,821,3217,1336,2560,1440,0,0,0,0,0,0,0,1
1612449013541,0.3375,0.5701388888888889,864,821,3217,1336,2560,1440,0,0,0,0,0,0,0,1
1612449013591,0.3375,0.5701388888888889,864,821,3217,1336,2560,1440,0,0,0,0,0,0,0,1
1612449013642,0.3375,0.5701388888888889,864,821,3217,1336,2560,1440,0,0,0,0,0,0,0,1
1612449013693,0.3375,0.5701388888888889,864,821,3217,1336,2560,1440,0,0,0,0,0,0,0,1
1612449013799,0.3375,0.5701388888888889,864,821,3217,1336,2560,1440,0,0,0,0,0,0,0,1
1612449013850,0.3375,0.5701388888888889,864,821,3217,1336,2560,1440,0,0,0,0,0,0,0,1
1612449013900,0.3375,0.5701388888888889,864,821,3217,1336,2560,1440,0,0,0,0,0,0,0,1
1612449013951,0.3375,0.5701388888888889,864,821,3217,1336,2560,1440,0,0,0,0,0,0,0,1
1612449014002,0.3375,0.5701388888888889,864,821,3217,1336,2560,1440,0,0,0,0,0,0,0,1
1612449014053,0.3375,0.5701388888888889,864,821,3217,1336,2560,1440,0,0,0,0,0,0,0,1
1612449014103,0.3375,0.5701388888888889,864,821,3217,1336,2560,1440,0,0,0,0,0,0,0,1
1612449014154,0.3375,0.5701388888888889,864,821,3217,1336,2560,1440,0,0,0,0,0,0,0,1
1612449014205,0.3375,0.5701388888888889,864,821,3217,1336,2560,1440,0,0,0,0,0,0,0,1
1612449014256,0.3375,0.5701388888888889,864,821,3217,1336,2560,1440,0,0,0,0,0,0,0,1
1612449014307,0.3375,0.5701388888888889,864,821,3217,1336,2560,1440,0,0,0,0,0,0,0,1
1612449014358,0.3375,0.5701388888888889,864,821,3217,1336,2560,1440,0,0,0,0,0,0,0,1
1612449014409,0.3375,0.5701388888888889,864,821,3217,1336,2560,1440,0,0,0,0,0,0,0,1
1612449014460,0.3375,0.5701388888888889,864,821,3217,1336,2560,1440,0,0,0,0,0,0,0,1
1612449014511,0.3375,0.5701388888888889,864,821,3217,1336,2560,1440,0,0,0,0,0,0,0,1
1612449014562,0.3375,0.5701388888888889,864,821,3217,1336,2560,1440,0,0,0,0,0,0,0,1
1612449014612,0.3375,0.5701388888888889,864,821,3217,1336,2560,1440,0,0,0,0,0,0,0,1
1612449014663,0.3375,0.5701388888888889,864,821,3217,1336,2560,1440,0,0,0,0,0,0,0,1
1612449014714,0.3375,0.5701388888888889,864,821,3217,1336,2560,1440,0,0,0,0,0,0,0,1
1612449014815,0.348828125,0.5770833333333333,893,831,3260,1351,2560,1440,0,0,0,0,0,0,0,1
1612449014866,0.355859375,0.5791666666666667,911,834,3287,1355,2560,1440,0,0,0,0,0,0,0,1
1612449014916,0.355859375,0.5791666666666667,911,834,3287,1355,2560,1440,0,0,0,0,0,0,0,1
1612449014967,0.355859375,0.5791666666666667,911,834,3287,1355,2560,1440,0,0,0,0,0,0,0,1
1612449015018,0.355078125,0.5777777777777777,909,832,3284,1352,2560,1440,0,0,0,0,0,0,0,1
1612449015069,0.3546875,0.5770833333333333,908,831,3283,1351,2560,1440,0,0,0,0,0,0,0,1
1612449015120,0.3546875,0.5770833333333333,908,831,3282,1351,2560,1440,0,0,0,0,0,0,0,1
1612449015170,0.3546875,0.5770833333333333,908,831,3282,1351,2560,1440,0,0,0,0,0,0,0,1
1612449015221,0.3546875,0.5770833333333333,908,831,3282,1351,2560,1440,0,0,0,0,0,0,0,1
1612449018747,0.33125,0.5694444444444444,848,820,3193,1335,2560,1440,1,0,0,0,0,0,0,1
1612449018897,0.323828125,0.5701388888888889,829,821,3164,1336,2560,1440,0,0,0,0,0,0,0,1
1612449018948,0.322265625,0.5701388888888889,825,821,3158,1336,2560,1440,0,0,0,0,0,0,0,1
1612449018999,0.319921875,0.5701388888888889,819,821,3149,1336,2560,1440,0,0,0,0,0,0,0,1
1612449019049,0.31953125,0.5701388888888889,818,821,3148,1336,2560,1440,0,0,0,0,0,0,0,1
1612449019100,0.31953125,0.5701388888888889,818,821,3147,1336,2560,1440,0,0,0,0,0,0,0,1
1612449019151,0.31953125,0.5701388888888889,818,821,3147,1336,2560,1440,0,0,0,0,0,0,0,1
1612449019201,0.31953125,0.5701388888888889,818,821,3147,1336,2560,1440,0,0,0,0,0,0,0,1
1612449019252,0.31953125,0.5701388888888889,818,821,3147,1336,2560,1440,0,0,0,0,0,0,0,1
1612449019303,0.31953125,0.5701388888888889,818,821,3147,1336,2560,1440,0,0,0,0,0,0,0,1
1612449019354,0.31953125,0.5701388888888889,818,821,3147,1336,2560,1440,0,0,0,0,0,0,0,1
1612449019405,0.31953125,0.5701388888888889,818,821,3147,1336,2560,1440,0,0,0,0,0,0,0,1
1612449019455,0.31953125,0.5701388888888889,818,821,3147,1336,2560,1440,0,0,0,0,0,0,0,1
1612449019506,0.31953125,0.5701388888888889,818,821,3147,1336,2560,1440,0,0,0,0,0,0,0,1
1612449019557,0.31953125,0.5701388888888889,818,821,3147,1336,2560,1440,0,0,0,0,0,0,0,1
1612449019607,0.31953125,0.5701388888888889,818,821,3147,1336,2560,1440,0,0,0,0,0,0,0,1
1612449040889,0.32421875,0.5666666666666667,830,816,3165,1329,2560,1440,0,0,0,0,0,0,0,1
1612449040994,0.32421875,0.5666666666666667,830,816,3165,1329,2560,1440,0,0,0,0,0,0,0,1
1612449041044,0.32421875,0.5666666666666667,830,816,3165,1329,2560,1440,0,0,0,0,0,0,0,1
1612449041094,0.32421875,0.5666666666666667,830,816,3165,1329,2560,1440,0,0,0,0,0,0,0,1
1612449041145,0.32421875,0.5666666666666667,830,816,3165,1329,2560,1440,0,0,0,0,0,0,0,1
1612449041195,0.32421875,0.5666666666666667,830,816,3165,1329,2560,1440,0,0,0,0,0,0,0,1
1612449041246,0.32265625,0.5666666666666667,826,816,3159,1329,2560,1440,0,0,0,0,0,0,0,1
1612449041296,0.321484375,0.5666666666666667,823,816,3155,1329,2560,1440,0,0,0,0,0,0,0,1
1612449041347,0.321484375,0.5666666666666667,823,816,3155,1329,2560,1440,0,0,0,0,0,0,0,1
1612449041398,0.321484375,0.5666666666666667,823,816,3155,1329,2560,1440,0,0,0,0,0,0,0,1
1612449041449,0.321484375,0.5666666666666667,823,816,3155,1329,2560,1440,0,0,0,0,0,0,0,1
1612449041500,0.321484375,0.5666666666666667,823,816,3155,1329,2560,1440,0,0,0,0,0,0,0,1
1612449041551,0.321484375,0.5666666666666667,823,816,3155,1329,2560,1440,0,0,0,0,0,0,0,1
1612449041602,0.321484375,0.5666666666666667,823,816,3155,1329,2560,1440,0,0,0,0,0,0,0,1
1612449041653,0.321484375,0.5666666666666667,823,816,3155,1329,2560,1440,0,0,0,0,0,0,0,1
1612449041703,0.321484375,0.5666666666666667,823,816,3155,1329,2560,1440,0,0,0,0,0,0,0,1
1612449041754,0.321484375,0.5666666666666667,823,816,3155,1329,2560,1440,0,0,0,0,0,0,0,1
1612449041805,0.321484375,0.5666666666666667,823,816,3155,1329,2560,1440,0,0,0,0,0,0,0,1
1612449041856,0.321484375,0.5666666666666667,823,816,3155,1329,2560,1440,0,0,0,0,0,0,0,1
1612449041906,0.321484375,0.5666666666666667,823,816,3155,1329,2560,1440,0,0,0,0,0,0,0,1
1612449041957,0.321484375,0.5666666666666667,823,816,3155,1329,2560,1440,0,0,0,0,0,0,0,1
1612449042008,0.321484375,0.5666666666666667,823,816,3155,1329,2560,1440,0,0,0,0,0,0,0,1
1612449042059,0.321484375,0.5666666666666667,823,816,3155,1329,2560,1440,0,0,0,0,0,0,0,1
1612449042109,0.321484375,0.5666666666666667,823,816,3155,1329,2560,1440,0,0,0,0,0,0,0,1
1612449042160,0.321484375,0.5666666666666667,823,816,3155,1329,2560,1440,0,0,0,0,0,0,0,1
1612449042211,0.321484375,0.5666666666666667,823,816,3155,1329,2560,1440,0,0,0,0,0,0,0,1
1612449042261,0.321484375,0.5666666666666667,823,816,3155,1329,2560,1440,0,0,0,0,0,0,0,1
1612449042312,0.321484375,0.5666666666666667,823,816,3155,1329,2560,1440,0,0,0,0,0,0,0,1
1612449042363,0.321484375,0.5666666666666667,823,816,3155,1329,2560,1440,0,0,0,0,0,0,0,1
1612449042414,0.321484375,0.5666666666666667,823,816,3155,1329,2560,1440,0,0,0,0,0,0,0,1
1612449042464,0.321484375,0.5666666666666667,823,816,3155,1329,2560,1440,0,0,0,0,0,0,0,1
1612449042515,0.321484375,0.5666666666666667,823,816,3155,1329,2560,1440,0,0,0,0,0,0,0,1
1612449042566,0.321484375,0.5666666666666667,823,816,3155,1329,2560,1440,0,0,0,0,0,0,0,1
1612449042617,0.321484375,0.5666666666666667,823,816,3155,1329,2560,1440,0,0,0,0,0,0,0,1
1612449042667,0.321484375,0.5666666666666667,823,816,3155,1329,2560,1440,0,0,0,0,0,0,0,1
1612449042718,0.321484375,0.5666666666666667,823,816,3155,1329,2560,1440,0,0,0,0,0,0,0,1
1612449042769,0.321484375,0.5666666666666667,823,816,3155,1329,2560,1440,0,0,0,0,0,0,0,1
1612449042820,0.321484375,0.5666666666666667,823,816,3155,1329,2560,1440,0,0,0,0,0,0,0,1
1612449042870,0.321484375,0.5666666666666667,823,816,3155,1329,2560,1440,0,0,0,0,0,0,0,1
1612449042972,0.321484375,0.5666666666666667,823,816,3155,1329,2560,1440,0,0,0,0,0,0,0,1
1612449043022,0.321484375,0.5666666666666667,823,816,3155,1329,2560,1440,0,0,0,0,0,0,0,1
1612449043073,0.321484375,0.5666666666666667,823,816,3155,1329,2560,1440,0,0,0,0,0,0,0,1
1612449051392,0.333203125,0.5694444444444444,853,820,3200,1334,2560,1440,1,0,0,0,0,0,0,1
1612449051443,0.333203125,0.5694444444444444,853,820,3200,1334,2560,1440,0,0,0,0,0,0,0,1
1612449051539,0.32578125,0.5694444444444444,834,820,3171,1334,2560,1440,0,0,0,0,0,0,0,1
1612449051589,0.32265625,0.5694444444444444,826,820,3159,1334,2560,1440,0,0,0,0,0,0,0,1
1612449051640,0.32109375,0.5694444444444444,822,820,3153,1334,2560,1440,0,0,0,0,0,0,0,1
1612449051691,0.31875,0.5694444444444444,816,820,3145,1334,2560,1440,0,0,0,0,0,0,0,1
1612449051741,0.31796875,0.5694444444444444,814,820,3141,1334,2560,1440,0,0,0,0,0,0,0,1
1612449051792,0.317578125,0.5694444444444444,813,820,3140,1334,2560,1440,0,0,0,0,0,0,0,1
1612449051843,0.317578125,0.5694444444444444,813,820,3140,1334,2560,1440,0,0,0,0,0,0,0,1
1612449051893,0.317578125,0.5694444444444444,813,820,3140,1334,2560,1440,0,0,0,0,0,0,0,1
1612449051944,0.317578125,0.5694444444444444,813,820,3140,1334,2560,1440,0,0,0,0,0,0,0,1
1612449051994,0.317578125,0.5694444444444444,813,820,3140,1334,2560,1440,0,0,0,0,0,0,0,1
1612449055606,0.330078125,0.5715277777777777,845,823,3188,1339,2560,1440,0,0,0,1,0,0,0,0
1612449055715,0.325390625,0.5708333333333333,833,822,3170,1338,2560,1440,0,0,0,1,0,0,0,0
1612449055765,0.3203125,0.5708333333333333,820,822,3151,1338,2560,1440,0,0,0,0,0,0,0,1
1612449055816,0.3203125,0.5708333333333333,820,822,3150,1338,2560,1440,0,0,0,0,0,0,0,1
1612449055872,0.31953125,0.5708333333333333,818,822,3148,1338,2560,1440,0,0,0,0,0,0,0,1
1612449055923,0.31875,0.5708333333333333,816,822,3144,1337,2560,1440,0,0,0,0,0,0,0,1
1612449055973,0.31796875,0.5708333333333333,814,822,3142,1337,2560,1440,0,0,0,0,0,0,0,1
1612449056024,0.31796875,0.5708333333333333,814,822,3142,1337,2560,1440,0,0,0,0,0,0,0,1
1612449056075,0.31796875,0.5708333333333333,814,822,3142,1337,2560,1440,0,0,0,0,0,0,0,1
1612449056125,0.31796875,0.5708333333333333,814,822,3142,1337,2560,1440,0,0,0,0,0,0,0,1
1612449056176,0.31796875,0.5708333333333333,814,822,3142,1337,2560,1440,0,0,0,0,0,0,0,1
1612449058556,0.3296875,0.5715277777777777,844,823,3187,1339,2560,1440,1,0,0,1,0,0,0,0
1612449058608,0.325,0.5715277777777777,832,823,3169,1339,2560,1440,0,0,0,1,0,0,0,0
1612449058702,0.31953125,0.5715277777777777,818,823,3148,1339,2560,1440,0,0,0,0,0,0,0,1
1612449058753,0.31875,0.5715277777777777,816,823,3145,1339,2560,1440,0,0,0,0,0,0,0,1
1612449058804,0.318359375,0.5715277777777777,815,823,3143,1339,2560,1440,0,0,0,0,0,0,0,1
1612449058854,0.318359375,0.5715277777777777,815,823,3143,1339,2560,1440,0,0,0,0,0,0,0,1
1612449058904,0.318359375,0.5715277777777777,815,823,3143,1339,2560,1440,0,0,0,0,0,0,0,1
