timestamp,data.clientX_norm,data.clientY_norm,data.clientX,data.clientY,data.screenX,data.screenY,data.screenWidth,data.screenHeight,data.isClicking,data.isDblClicking,data.isTyping,data.currentMouseElement_element:background,data.currentMouseElement_element:item,data.currentMouseElement_element:item:option,data.currentMouseElement_element:navbar-bottom
1612448747681,0.5619791666666667,0.8225,1079,987,2999,1118,1920,1200,1,0,0,0,0,0,1
1612448747731,0.5619791666666667,0.8225,1079,987,2999,1118,1920,1200,0,0,0,0,0,0,1
1612448747914,0.5619791666666667,0.8225,1079,987,2999,1118,1920,1200,0,0,0,0,0,0,1
1612448747965,0.5619791666666667,0.8225,1079,987,2999,1118,1920,1200,0,0,0,0,0,0,1
1612448748015,0.5619791666666667,0.8225,1079,987,2999,1118,1920,1200,0,0,0,0,0,0,1
1612448748065,0.5619791666666667,0.8225,1079,987,2999,1118,1920,1200,0,0,0,0,0,0,1
1612448748115,0.5619791666666667,0.8225,1079,987,2999,1118,1920,1200,0,0,0,0,0,0,1
1612448748166,0.5619791666666667,0.8225,1079,987,2999,1118,1920,1200,0,0,0,0,0,0,1
1612448748216,0.5619791666666667,0.8225,1079,987,2999,1118,1920,1200,0,0,0,0,0,0,1
1612448748266,0.5619791666666667,0.8225,1079,987,2999,1118,1920,1200,0,0,0,0,0,0,1
1612448748316,0.5619791666666667,0.8225,1079,987,2999,1118,1920,1200,0,0,0,0,0,0,1
1612448748367,0.5619791666666667,0.8225,1079,987,2999,1118,1920,1200,0,0,0,0,0,0,1
1612448748417,0.5619791666666667,0.8225,1079,987,2999,1118,1920,1200,0,0,0,0,0,0,1
1612448748467,0.5619791666666667,0.8225,1079,987,2999,1118,1920,1200,0,0,0,0,0,0,1
1612448748518,0.5619791666666667,0.8225,1079,987,2999,1118,1920,1200,0,0,0,0,0,0,1
1612448748568,0.5619791666666667,0.8225,1079,987,2999,1118,1920,1200,0,0,0,0,0,0,1
1612448748618,0.5619791666666667,0.8225,1079,987,2999,1118,1920,1200,0,0,0,0,0,0,1
1612448748668,0.5619791666666667,0.8225,1079,987,2999,1118,1920,1200,0,0,0,0,0,0,1
1612448748719,0.5619791666666667,0.8225,1079,987,2999,1118,1920,1200,0,0,0,0,0,0,1
1612448748769,0.5619791666666667,0.8225,1079,987,2999,1118,1920,1200,0,0,0,0,0,0,1
1612448748819,0.5619791666666667,0.8225,1079,987,2999,1118,1920,1200,0,0,0,0,0,0,1
1612448748869,0.5619791666666667,0.8225,1079,987,2999,1118,1920,1200,0,0,0,0,0,0,1
1612448748920,0.5619791666666667,0.8225,1079,987,2999,1118,1920,1200,0,0,0,0,0,0,1
1612448748970,0.5619791666666667,0.8225,1079,987,2999,1118,1920,1200,0,0,0,0,0,0,1
1612448749020,0.5619791666666667,0.8225,1079,987,2999,1118,1920,1200,0,0,0,0,0,0,1
1612448749071,0.5619791666666667,0.8225,1079,987,2999,1118,1920,1200,0,0,0,0,0,0,1
1612448749121,0.5619791666666667,0.8225,1079,987,2999,1118,1920,1200,0,0,0,0,0,0,1
1612448749171,0.5619791666666667,0.8225,1079,987,2999,1118,1920,1200,0,0,0,0,0,0,1
1612448749222,0.5619791666666667,0.8225,1079,987,2999,1118,1920,1200,0,0,0,0,0,0,1
1612448749272,0.5619791666666667,0.8225,1079,987,2999,1118,1920,1200,0,0,0,0,0,0,1
1612448749322,0.5619791666666667,0.8225,1079,987,2999,1118,1920,1200,0,0,0,0,0,0,1
1612448749373,0.5619791666666667,0.8225,1079,987,2999,1118,1920,1200,0,0,0,0,0,0,1
1612448749473,0.5619791666666667,0.8225,1079,987,2999,1118,1920,1200,0,0,0,0,0,0,1
1612448749524,0.5619791666666667,0.8225,1079,987,2999,1118,1920,1200,0,0,0,0,0,0,1
1612448749574,0.5619791666666667,0.8225,1079,987,2999,1118,1920,1200,0,0,0,0,0,0,1
1612448749624,0.5619791666666667,0.8225,1079,987,2999,1118,1920,1200,0,0,0,0,0,0,1
1612448749675,0.5619791666666667,0.8225,1079,987,2999,1118,1920,1200,0,0,0,0,0,0,1
1612448749725,0.5619791666666667,0.8225,1079,987,2999,1118,1920,1200,0,0,0,0,0,0,1
1612448749775,0.5619791666666667,0.8225,1079,987,2999,1118,1920,1200,0,0,0,0,0,0,1
1612448749826,0.5619791666666667,0.8225,1079,987,2999,1118,1920,1200,0,0,0,0,0,0,1
1612448749876,0.5619791666666667,0.8225,1079,987,2999,1118,1920,1200,0,0,0,0,0,0,1
1612448749927,0.5619791666666667,0.8225,1079,987,2999,1118,1920,1200,0,0,0,0,0,0,1
1612448749977,0.5619791666666667,0.8225,1079,987,2999,1118,1920,1200,0,0,0,0,0,0,1
1612448750027,0.5619791666666667,0.8225,1079,987,2999,1118,1920,1200,0,0,0,0,0,0,1
1612448750078,0.5619791666666667,0.8225,1079,987,2999,1118,1920,1200,0,0,0,0,0,0,1
1612448750128,0.5619791666666667,0.8225,1079,987,2999,1118,1920,1200,0,0,0,0,0,0,1
1612448750178,0.5619791666666667,0.8225,1079,987,2999,1118,1920,1200,0,0,0,0,0,0,1
1612448750228,0.5619791666666667,0.8225,1079,987,2999,1118,1920,1200,0,0,0,0,0,0,1
1612448750279,0.5619791666666667,0.8225,1079,987,2999,1118,1920,1200,0,0,0,0,0,0,1
1612448750329,0.5619791666666667,0.8225,1079,987,2999,1118,1920,1200,0,0,0,0,0,0,1
1612448750379,0.5619791666666667,0.8225,1079,987,2999,1118,1920,1200,0,0,0,0,0,0,1
1612448750480,0.5619791666666667,0.8225,1079,987,2999,1118,1920,1200,0,0,0,0,0,0,1
1612448750530,0.5619791666666667,0.8225,1079,987,2999,1118,1920,1200,0,0,0,0,0,0,1
1612448750581,0.5619791666666667,0.8225,1079,987,2999,1118,1920,1200,0,0,0,0,0,0,1
1612448750631,0.5619791666666667,0.8225,1079,987,2999,1118,1920,1200,0,0,0,0,0,0,1
1612448750681,0.5619791666666667,0.8225,1079,987,2999,1118,1920,1200,0,0,0,0,0,0,1
1612448750731,0.5619791666666667,0.8225,1079,987,2999,1118,1920,1200,0,0,0,0,0,0,1
1612448750782,0.5619791666666667,0.8225,1079,987,2999,1118,1920,1200,0,0,0,0,0,0,1
1612448750832,0.5619791666666667,0.8225,1079,987,2999,1118,1920,1200,0,0,0,0,0,0,1
1612448750882,0.5619791666666667,0.8225,1079,987,2999,1118,1920,1200,0,0,0,0,0,0,1
1612448750932,0.5619791666666667,0.8225,1079,987,2999,1118,1920,1200,0,0,0,0,0,0,1
1612448750983,0.5619791666666667,0.8225,1079,987,2999,1118,1920,1200,0,0,0,0,0,0,1
1612448751033,0.5619791666666667,0.8225,1079,987,2999,1118,1920,1200,0,0,0,0,0,0,1
1612448751083,0.5619791666666667,0.8225,1079,987,2999,1118,1920,1200,0,0,0,0,0,0,1
1612448751133,0.5619791666666667,0.8225,1079,987,2999,1118,1920,1200,0,0,0,0,0,0,1
1612448751184,0.5619791666666667,0.8225,1079,987,2999,1118,1920,1200,0,0,0,0,0,0,1
1612448751234,0.5619791666666667,0.8225,1079,987,2999,1118,1920,1200,0,0,0,0,0,0,1
1612448751284,0.5619791666666667,0.8225,1079,987,2999,1118,1920,1200,0,0,0,0,0,0,1
1612448751335,0.5619791666666667,0.8225,1079,987,2999,1118,1920,1200,0,0,0,0,0,0,1
1612448751385,0.5619791666666667,0.8225,1079,987,2999,1118,1920,1200,0,0,0,0,0,0,1
1612448751485,0.5614583333333333,0.8208333333333333,1078,985,2998,1116,1920,1200,0,0,0,0,0,0,1
1612448751536,0.5588541666666667,0.8116666666666666,1073,974,2993,1105,1920,1200,0,0,0,0,0,0,1
1612448751586,0.5552083333333333,0.7958333333333333,1066,955,2986,1086,1920,1200,0,0,0,0,0,0,1
1612448751636,0.55,0.7741666666666667,1056,929,2976,1060,1920,1200,0,0,0,1,0,0,0
1612448751687,0.540625,0.7433333333333333,1038,892,2958,1023,1920,1200,0,0,0,1,0,0,0
1612448751737,0.534375,0.7258333333333333,1026,871,2946,1002,1920,1200,0,0,0,1,0,0,0
1612448751787,0.528125,0.715,1014,858,2934,989,1920,1200,0,0,0,1,0,0,0
1612448751837,0.5135416666666667,0.6933333333333334,986,832,2906,963,1920,1200,0,0,0,0,1,0,0
1612448751888,0.44166666666666665,0.6266666666666667,848,752,2768,883,1920,1200,0,0,0,0,0,1,0
1612448751938,0.39895833333333336,0.5941666666666666,766,713,2686,844,1920,1200,0,0,0,0,0,1,0
1612448751989,0.3619791666666667,0.5625,695,675,2615,806,1920,1200,0,0,0,0,0,1,0
1612448752039,0.34739583333333335,0.5475,667,657,2587,788,1920,1200,0,0,0,0,0,1,0
1612448752089,0.3385416666666667,0.5383333333333333,650,646,2570,777,1920,1200,0,0,0,0,0,1,0
1612448752139,0.33229166666666665,0.5308333333333334,638,637,2558,768,1920,1200,0,0,0,0,0,1,0
1612448752190,0.3265625,0.5241666666666667,627,629,2547,760,1920,1200,0,0,0,0,0,1,0
1612448752240,0.32447916666666665,0.52,623,624,2543,755,1920,1200,0,0,0,0,0,1,0
1612448752290,0.3234375,0.5191666666666667,621,623,2541,754,1920,1200,0,0,0,0,0,1,0
1612448752340,0.3234375,0.5191666666666667,621,623,2541,754,1920,1200,0,0,0,0,0,1,0
1612448752391,0.3234375,0.5191666666666667,621,623,2541,754,1920,1200,0,0,0,0,0,1,0
1612448752491,0.3234375,0.5191666666666667,621,623,2541,754,1920,1200,0,0,0,0,0,1,0
1612448752541,0.3234375,0.5183333333333333,621,622,2541,753,1920,1200,0,0,0,0,1,0,0
1612448752592,0.3234375,0.5183333333333333,621,622,2541,753,1920,1200,0,0,0,0,1,0,0
1612448752642,0.3234375,0.5183333333333333,621,622,2541,753,1920,1200,1,0,0,0,1,0,0
1612448752692,0.3234375,0.5183333333333333,621,622,2541,753,1920,1200,0,0,0,0,1,0,0
1612448752742,0.3234375,0.5183333333333333,621,622,2541,753,1920,1200,0,0,0,0,1,0,0
1612448752793,0.3234375,0.5183333333333333,621,622,2541,753,1920,1200,0,0,0,0,1,0,0
1612448752843,0.3234375,0.5183333333333333,621,622,2541,753,1920,1200,0,0,0,0,1,0,0
1612448752893,0.3234375,0.5183333333333333,621,622,2541,753,1920,1200,0,0,0,0,1,0,0
1612448752944,0.3234375,0.5183333333333333,621,622,2541,753,1920,1200,0,0,0,0,1,0,0
1612448752994,0.3234375,0.5183333333333333,621,622,2541,753,1920,1200,0,0,0,0,1,0,0
1612448753044,0.3234375,0.5183333333333333,621,622,2541,753,1920,1200,0,0,0,0,1,0,0
1612448753095,0.3234375,0.5183333333333333,621,622,2541,753,1920,1200,0,0,0,0,1,0,0
1612448753145,0.3234375,0.52,621,624,2541,755,1920,1200,0,0,0,0,0,1,0
1612448753195,0.3234375,0.53,621,636,2541,767,1920,1200,0,0,0,0,0,1,0
1612448753245,0.3234375,0.535,621,642,2541,773,1920,1200,0,0,0,0,0,1,0
1612448753296,0.3234375,0.5366666666666666,621,644,2541,775,1920,1200,0,0,0,0,0,1,0
1612448753346,0.3234375,0.5366666666666666,621,644,2541,775,1920,1200,0,0,0,0,0,1,0
1612448753396,0.3234375,0.5366666666666666,621,644,2541,775,1920,1200,0,0,0,0,0,1,0
1612448753497,0.3234375,0.5366666666666666,621,644,2541,775,1920,1200,1,0,0,0,0,1,0
1612448753547,0.3234375,0.5366666666666666,621,644,2541,775,1920,1200,0,0,0,0,0,1,0
1612448753597,0.3234375,0.5366666666666666,621,644,2541,775,1920,1200,0,0,0,0,0,1,0
1612448753648,0.3234375,0.5366666666666666,621,644,2541,775,1920,1200,0,0,0,0,0,1,0
1612448753698,0.3234375,0.5366666666666666,621,644,2541,775,1920,1200,0,0,0,0,0,1,0
1612448753748,0.3234375,0.5366666666666666,621,644,2541,775,1920,1200,0,0,0,0,0,1,0
1612448753799,0.32708333333333334,0.5308333333333334,628,637,2548,768,1920,1200,0,0,0,0,0,1,0
1612448753849,0.32916666666666666,0.5275,632,633,2552,764,1920,1200,0,0,0,0,0,1,0
1612448753899,0.3307291666666667,0.525,635,630,2555,761,1920,1200,0,0,0,0,0,1,0
1612448753949,0.3307291666666667,0.525,635,630,2555,761,1920,1200,0,0,0,0,0,1,0
1612448754000,0.33125,0.525,636,630,2556,761,1920,1200,0,0,0,0,0,1,0
1612448754050,0.33125,0.525,636,630,2556,761,1920,1200,0,0,0,0,0,1,0
1612448754100,0.33125,0.525,636,630,2556,761,1920,1200,1,0,0,0,0,1,0
1612448754150,0.33125,0.525,636,630,2556,761,1920,1200,0,0,0,0,0,1,0
1612448754201,0.33125,0.525,636,630,2556,761,1920,1200,0,0,0,0,0,1,0
1612448754251,0.33125,0.525,636,630,2556,761,1920,1200,0,0,0,0,0,1,0
1612448754301,0.33125,0.525,636,630,2556,761,1920,1200,0,0,0,0,0,1,0
1612448754351,0.33125,0.525,636,630,2556,761,1920,1200,0,0,0,0,0,1,0
1612448754402,0.33125,0.525,636,630,2556,761,1920,1200,0,0,0,0,0,1,0
1612448754502,0.33125,0.525,636,630,2556,761,1920,1200,0,0,0,0,0,1,0
1612448754562,0.33125,0.525,636,630,2556,761,1920,1200,1,1,0,0,0,1,0
1612448754612,0.33125,0.525,636,630,2556,761,1920,1200,0,0,0,0,0,1,0
1612448754662,0.33125,0.525,636,630,2556,761,1920,1200,0,0,0,0,0,1,0
1612448754712,0.33125,0.525,636,630,2556,761,1920,1200,0,0,0,0,0,1,0
1612448754763,0.3296875,0.5316666666666666,633,638,2553,769,1920,1200,0,0,0,0,0,1,0
1612448754813,0.32760416666666664,0.545,629,654,2549,785,1920,1200,0,0,0,0,0,1,0
1612448754863,0.3260416666666667,0.5533333333333333,626,664,2546,795,1920,1200,0,0,0,0,0,1,0
1612448754913,0.325,0.5583333333333333,624,670,2544,801,1920,1200,0,0,0,0,0,1,0
1612448754964,0.325,0.5583333333333333,624,670,2544,801,1920,1200,0,0,0,0,0,1,0
1612448755014,0.325,0.5583333333333333,624,670,2544,801,1920,1200,0,0,0,0,0,1,0
1612448755064,0.3255208333333333,0.5558333333333333,625,667,2545,798,1920,1200,0,0,0,0,0,1,0
1612448755115,0.32708333333333334,0.5475,628,657,2548,788,1920,1200,0,0,0,0,0,1,0
1612448755165,0.3307291666666667,0.5366666666666666,635,644,2555,775,1920,1200,0,0,0,0,0,1,0
1612448755215,0.3338541666666667,0.53,641,636,2561,767,1920,1200,0,0,0,0,0,1,0
1612448755266,0.334375,0.5291666666666667,642,635,2562,766,1920,1200,0,0,0,0,0,1,0
1612448755316,0.334375,0.5283333333333333,642,634,2562,765,1920,1200,0,0,0,0,0,1,0
1612448755371,0.334375,0.5283333333333333,642,634,2562,765,1920,1200,1,0,0,0,0,1,0
1612448755422,0.334375,0.5283333333333333,642,634,2562,765,1920,1200,0,0,0,0,0,1,0
1612448755522,0.328125,0.5325,630,639,2550,770,1920,1200,0,0,0,0,0,1,0
1612448755572,0.3223958333333333,0.5333333333333333,619,640,2539,771,1920,1200,0,0,0,0,0,1,0
1612448755623,0.3171875,0.5341666666666667,609,641,2529,772,1920,1200,0,0,0,0,0,1,0
1612448755673,0.31354166666666666,0.5341666666666667,602,641,2522,772,1920,1200,0,0,0,0,0,1,0
1612448755724,0.309375,0.5333333333333333,594,640,2514,771,1920,1200,0,0,0,0,0,1,0
1612448755774,0.30625,0.5333333333333333,588,640,2508,771,1920,1200,0,0,0,0,0,1,0
1612448755824,0.30052083333333335,0.5325,577,639,2497,770,1920,1200,0,0,0,0,0,1,0
1612448755875,0.3,0.5325,576,639,2496,770,1920,1200,0,0,0,0,0,1,0
1612448755925,0.2994791666666667,0.5325,575,639,2495,770,1920,1200,0,0,0,0,0,1,0
1612448755975,0.2994791666666667,0.5325,575,639,2495,770,1920,1200,0,0,0,0,0,1,0
1612448756026,0.2994791666666667,0.5325,575,639,2495,770,1920,1200,0,0,0,0,0,1,0
1612448756077,0.2989583333333333,0.5325,574,639,2494,770,1920,1200,1,0,0,0,0,1,0
1612448756127,0.2989583333333333,0.5325,574,639,2494,770,1920,1200,0,0,0,0,0,1,0
1612448756177,0.2989583333333333,0.5325,574,639,2494,770,1920,1200,0,0,0,0,0,1,0
1612448756227,0.2989583333333333,0.5325,574,639,2494,770,1920,1200,0,0,0,0,0,1,0
1612448756278,0.2989583333333333,0.5325,574,639,2494,770,1920,1200,0,0,0,0,0,1,0
1612448756328,0.2989583333333333,0.5325,574,639,2494,770,1920,1200,0,0,0,0,0,1,0
1612448756378,0.2989583333333333,0.5325,574,639,2494,770,1920,1200,0,0,0,0,0,1,0
1612448756428,0.2989583333333333,0.5325,574,639,2494,770,1920,1200,0,0,0,0,0,1,0
1612448756529,0.2989583333333333,0.5325,574,639,2494,770,1920,1200,0,0,0,0,0,1,0
1612448756584,0.2989583333333333,0.5325,574,639,2494,770,1920,1200,1,0,0,0,0,1,0
1612448756634,0.2989583333333333,0.5325,574,639,2494,770,1920,1200,0,0,0,0,0,1,0
1612448756684,0.2953125,0.535,567,642,2487,773,1920,1200,0,0,0,0,0,1,0
1612448756734,0.29270833333333335,0.535,562,642,2482,773,1920,1200,0,0,0,0,0,1,0
1612448756785,0.29010416666666666,0.5358333333333334,557,643,2477,774,1920,1200,0,0,0,0,0,1,0
1612448756835,0.2875,0.5358333333333334,552,643,2472,774,1920,1200,0,0,0,0,0,1,0
1612448756885,0.2869791666666667,0.5358333333333334,551,643,2471,774,1920,1200,0,0,0,0,0,1,0
1612448756936,0.2864583333333333,0.5358333333333334,550,643,2470,774,1920,1200,0,0,0,0,0,1,0
1612448756986,0.2859375,0.5366666666666666,549,644,2469,775,1920,1200,0,0,0,0,0,1,0
1612448757036,0.28541666666666665,0.5416666666666666,548,650,2468,781,1920,1200,0,0,0,0,0,1,0
1612448757087,0.2838541666666667,0.5458333333333333,545,655,2465,786,1920,1200,0,0,0,0,0,1,0
1612448757137,0.28125,0.5516666666666666,540,662,2460,793,1920,1200,0,0,0,0,0,1,0
1612448757187,0.27708333333333335,0.5575,532,669,2452,800,1920,1200,0,0,0,0,0,1,0
1612448757238,0.2760416666666667,0.5583333333333333,530,670,2450,801,1920,1200,0,0,0,0,0,1,0
1612448757289,0.2760416666666667,0.5591666666666667,530,671,2450,802,1920,1200,0,0,0,0,0,1,0
1612448757340,0.2760416666666667,0.5591666666666667,530,671,2450,802,1920,1200,0,0,0,0,0,1,0
1612448757390,0.2760416666666667,0.5591666666666667,530,671,2450,802,1920,1200,0,0,0,0,0,1,0
1612448757442,0.2760416666666667,0.5591666666666667,530,671,2450,802,1920,1200,1,0,0,0,0,1,0
1612448757542,0.2760416666666667,0.56,530,672,2450,803,1920,1200,0,0,0,0,0,1,0
1612448757593,0.2765625,0.5633333333333334,531,676,2451,807,1920,1200,0,0,0,0,0,1,0
1612448757643,0.2765625,0.5633333333333334,531,676,2451,807,1920,1200,0,0,0,0,0,1,0
1612448757693,0.2765625,0.5633333333333334,531,676,2451,807,1920,1200,0,0,0,0,0,1,0
1612448757744,0.2765625,0.5633333333333334,531,676,2451,807,1920,1200,0,0,0,0,0,1,0
1612448757794,0.2765625,0.5641666666666667,531,677,2451,808,1920,1200,0,0,0,0,0,1,0
1612448757844,0.2765625,0.5691666666666667,531,683,2451,814,1920,1200,0,0,0,0,0,1,0
1612448757894,0.2765625,0.5858333333333333,531,703,2451,834,1920,1200,0,0,0,0,0,1,0
1612448757945,0.2760416666666667,0.5875,530,705,2450,836,1920,1200,0,0,0,0,0,1,0
1612448757995,0.2760416666666667,0.5891666666666666,530,707,2450,838,1920,1200,0,0,0,0,0,1,0
1612448758048,0.2760416666666667,0.5908333333333333,530,709,2450,840,1920,1200,0,0,0,0,0,1,0
1612448758098,0.2760416666666667,0.5916666666666667,530,710,2450,841,1920,1200,0,0,0,0,0,1,0
1612448758150,0.2760416666666667,0.5916666666666667,530,710,2450,841,1920,1200,1,0,0,0,0,1,0
1612448758201,0.2765625,0.5941666666666666,531,713,2451,844,1920,1200,0,0,0,0,0,1,0
1612448758251,0.27708333333333335,0.6041666666666666,532,725,2452,856,1920,1200,0,0,0,0,0,1,0
1612448758301,0.27760416666666665,0.6141666666666666,533,737,2453,868,1920,1200,0,0,0,0,0,1,0
1612448758351,0.27760416666666665,0.6175,533,741,2453,872,1920,1200,0,0,0,0,0,1,0
1612448758402,0.278125,0.6191666666666666,534,743,2454,874,1920,1200,0,0,0,0,0,1,0
1612448758452,0.278125,0.6208333333333333,534,745,2454,876,1920,1200,0,0,0,0,0,1,0
1612448758552,0.278125,0.6283333333333333,534,754,2454,885,1920,1200,0,0,0,0,0,1,0
1612448758603,0.278125,0.6283333333333333,534,754,2454,885,1920,1200,0,0,0,0,0,1,0
1612448758653,0.278125,0.6291666666666667,534,755,2454,886,1920,1200,0,0,0,0,0,1,0
1612448758703,0.278125,0.6291666666666667,534,755,2454,886,1920,1200,1,0,0,0,0,1,0
1612448758754,0.278125,0.6291666666666667,534,755,2454,886,1920,1200,0,0,0,0,0,1,0
1612448758804,0.278125,0.6291666666666667,534,755,2454,886,1920,1200,0,0,0,0,0,1,0
1612448758854,0.278125,0.6291666666666667,534,755,2454,886,1920,1200,0,0,0,0,0,1,0
1612448758905,0.278125,0.6291666666666667,534,755,2454,886,1920,1200,0,0,0,0,0,1,0
1612448758955,0.278125,0.6291666666666667,534,755,2454,886,1920,1200,0,0,0,0,0,1,0
1612448759005,0.278125,0.6291666666666667,534,755,2454,886,1920,1200,0,0,0,0,0,1,0
1612448759056,0.278125,0.6291666666666667,534,755,2454,886,1920,1200,1,1,0,0,0,1,0
1612448759106,0.278125,0.6291666666666667,534,755,2454,886,1920,1200,0,0,0,0,0,1,0
1612448759156,0.278125,0.6266666666666667,534,752,2454,883,1920,1200,0,0,0,0,0,1,0
1612448759207,0.278125,0.6225,534,747,2454,878,1920,1200,0,0,0,0,0,1,0
1612448759257,0.2786458333333333,0.6133333333333333,535,736,2455,867,1920,1200,0,0,0,0,0,1,0
1612448759307,0.2791666666666667,0.6016666666666667,536,722,2456,853,1920,1200,0,0,0,0,0,1,0
1612448759357,0.2791666666666667,0.5941666666666666,536,713,2456,844,1920,1200,0,0,0,0,0,1,0
1612448759408,0.2791666666666667,0.5941666666666666,536,713,2456,844,1920,1200,0,0,0,0,0,1,0
1612448759458,0.2791666666666667,0.5941666666666666,536,713,2456,844,1920,1200,0,0,0,0,0,1,0
1612448759559,0.2791666666666667,0.5941666666666666,536,713,2456,844,1920,1200,1,0,0,0,0,1,0
1612448759609,0.2791666666666667,0.59,536,708,2456,839,1920,1200,0,0,0,0,0,1,0
1612448759660,0.2791666666666667,0.5791666666666667,536,695,2456,826,1920,1200,0,0,0,0,0,1,0
1612448759710,0.2791666666666667,0.5733333333333334,536,688,2456,819,1920,1200,0,0,0,0,0,1,0
1612448759760,0.2791666666666667,0.5641666666666667,536,677,2456,808,1920,1200,0,0,0,0,0,1,0
1612448759810,0.2791666666666667,0.5608333333333333,536,673,2456,804,1920,1200,0,0,0,0,0,1,0
1612448759861,0.2791666666666667,0.5608333333333333,536,673,2456,804,1920,1200,0,0,0,0,0,1,0
1612448759911,0.2791666666666667,0.5608333333333333,536,673,2456,804,1920,1200,0,0,0,0,0,1,0
1612448759961,0.2791666666666667,0.5608333333333333,536,673,2456,804,1920,1200,0,0,0,0,0,1,0
1612448760011,0.2791666666666667,0.56,536,672,2456,803,1920,1200,0,0,0,0,0,1,0
1612448760062,0.2791666666666667,0.5483333333333333,536,658,2456,789,1920,1200,0,0,0,0,0,1,0
1612448760112,0.2786458333333333,0.5333333333333333,535,640,2455,771,1920,1200,0,0,0,0,0,1,0
1612448760162,0.2786458333333333,0.5266666666666666,535,632,2455,763,1920,1200,0,0,0,0,0,1,0
1612448760213,0.2786458333333333,0.525,535,630,2455,761,1920,1200,0,0,0,0,0,1,0
1612448760264,0.2786458333333333,0.5241666666666667,535,629,2455,760,1920,1200,0,0,0,0,0,1,0
1612448760315,0.2786458333333333,0.5241666666666667,535,629,2455,760,1920,1200,0,0,0,0,0,1,0
1612448760365,0.2786458333333333,0.5241666666666667,535,629,2455,760,1920,1200,0,0,0,0,0,1,0
1612448760415,0.2786458333333333,0.5241666666666667,535,629,2455,760,1920,1200,1,0,0,0,0,1,0
1612448760465,0.2786458333333333,0.5241666666666667,535,629,2455,760,1920,1200,0,0,0,0,0,1,0
1612448760566,0.2791666666666667,0.5375,536,645,2456,776,1920,1200,0,0,0,0,0,1,0
1612448760616,0.2791666666666667,0.5425,536,651,2456,782,1920,1200,0,0,0,0,0,1,0
1612448760666,0.2791666666666667,0.545,536,654,2456,785,1920,1200,0,0,0,0,0,1,0
1612448760717,0.2786458333333333,0.5508333333333333,535,661,2455,792,1920,1200,0,0,0,0,0,1,0
1612448760767,0.2786458333333333,0.5575,535,669,2455,800,1920,1200,0,0,0,0,0,1,0
1612448760817,0.2786458333333333,0.5591666666666667,535,671,2455,802,1920,1200,0,0,0,0,0,1,0
1612448760867,0.2786458333333333,0.5591666666666667,535,671,2455,802,1920,1200,0,0,0,0,0,1,0
1612448760918,0.2786458333333333,0.5608333333333333,535,673,2455,804,1920,1200,0,0,0,0,0,1,0
1612448760968,0.2786458333333333,0.5608333333333333,535,673,2455,804,1920,1200,0,0,0,0,0,1,0
1612448761018,0.2786458333333333,0.5625,535,675,2455,806,1920,1200,1,0,0,0,0,1,0
1612448761068,0.2786458333333333,0.5716666666666667,535,686,2455,817,1920,1200,0,0,0,0,0,1,0
1612448761119,0.2786458333333333,0.5791666666666667,535,695,2455,826,1920,1200,0,0,0,0,0,1,0
1612448761169,0.2786458333333333,0.5866666666666667,535,704,2455,835,1920,1200,0,0,0,0,0,1,0
1612448761219,0.2786458333333333,0.595,535,714,2455,845,1920,1200,0,0,0,0,0,1,0
1612448761269,0.2791666666666667,0.5991666666666666,536,719,2456,850,1920,1200,0,0,0,0,0,1,0
1612448761320,0.2791666666666667,0.5991666666666666,536,719,2456,850,1920,1200,0,0,0,0,0,1,0
1612448761370,0.2791666666666667,0.5991666666666666,536,719,2456,850,1920,1200,0,0,0,0,0,1,0
1612448761420,0.2791666666666667,0.5991666666666666,536,719,2456,850,1920,1200,0,0,0,0,0,1,0
1612448761471,0.2791666666666667,0.5991666666666666,536,719,2456,850,1920,1200,1,0,0,0,0,1,0
1612448761571,0.2791666666666667,0.595,536,714,2456,845,1920,1200,0,0,0,0,0,1,0
1612448761621,0.2791666666666667,0.5858333333333333,536,703,2456,834,1920,1200,0,0,0,0,0,1,0
1612448761674,0.2796875,0.575,537,690,2457,821,1920,1200,0,0,0,0,0,1,0
1612448761724,0.28020833333333334,0.5508333333333333,538,661,2458,792,1920,1200,0,0,0,0,0,1,0
1612448761775,0.28020833333333334,0.5416666666666666,538,650,2458,781,1920,1200,0,0,0,0,0,1,0
1612448761825,0.2796875,0.5325,537,639,2457,770,1920,1200,0,0,0,0,0,1,0
1612448761875,0.2796875,0.53,537,636,2457,767,1920,1200,0,0,0,0,0,1,0
1612448761925,0.2791666666666667,0.5283333333333333,536,634,2456,765,1920,1200,0,0,0,0,0,1,0
1612448761976,0.2791666666666667,0.5283333333333333,536,634,2456,765,1920,1200,0,0,0,0,0,1,0
1612448762026,0.2791666666666667,0.5283333333333333,536,634,2456,765,1920,1200,0,0,0,0,0,1,0
1612448762076,0.2791666666666667,0.5283333333333333,536,634,2456,765,1920,1200,0,0,0,0,0,1,0
1612448762127,0.2791666666666667,0.5283333333333333,536,634,2456,765,1920,1200,1,0,0,0,0,1,0
1612448762177,0.2791666666666667,0.5283333333333333,536,634,2456,765,1920,1200,0,0,0,0,0,1,0
1612448762227,0.2791666666666667,0.535,536,642,2456,773,1920,1200,0,0,0,0,0,1,0
1612448762278,0.2791666666666667,0.555,536,666,2456,797,1920,1200,0,0,0,0,0,1,0
1612448762328,0.2791666666666667,0.57,536,684,2456,815,1920,1200,0,0,0,0,0,1,0
1612448762378,0.2786458333333333,0.58,535,696,2455,827,1920,1200,0,0,0,0,0,1,0
1612448762428,0.2786458333333333,0.585,535,702,2455,833,1920,1200,0,0,0,0,0,1,0
1612448762479,0.2786458333333333,0.5875,535,705,2455,836,1920,1200,0,0,0,0,0,1,0
1612448762579,0.278125,0.6025,534,723,2454,854,1920,1200,0,0,0,0,0,1,0
1612448762630,0.278125,0.6133333333333333,534,736,2454,867,1920,1200,0,0,0,0,0,1,0
1612448762680,0.278125,0.6191666666666666,534,743,2454,874,1920,1200,0,0,0,0,0,1,0
1612448762730,0.278125,0.6266666666666667,534,752,2454,883,1920,1200,0,0,0,0,0,1,0
1612448762781,0.278125,0.6283333333333333,534,754,2454,885,1920,1200,0,0,0,0,0,1,0
1612448762831,0.27760416666666665,0.6283333333333333,533,754,2453,885,1920,1200,0,0,0,0,0,1,0
1612448762881,0.27760416666666665,0.6283333333333333,533,754,2453,885,1920,1200,0,0,0,0,0,1,0
1612448762932,0.27760416666666665,0.6283333333333333,533,754,2453,885,1920,1200,0,0,0,0,0,1,0
1612448762982,0.27760416666666665,0.6283333333333333,533,754,2453,885,1920,1200,0,0,0,0,0,1,0
1612448763032,0.27760416666666665,0.6283333333333333,533,754,2453,885,1920,1200,1,0,0,0,0,1,0
1612448763083,0.27760416666666665,0.6283333333333333,533,754,2453,885,1920,1200,0,0,0,0,0,1,0
1612448763133,0.27760416666666665,0.6283333333333333,533,754,2453,885,1920,1200,0,0,0,0,0,1,0
1612448763183,0.27760416666666665,0.6283333333333333,533,754,2453,885,1920,1200,0,0,0,0,0,1,0
1612448763233,0.27760416666666665,0.6283333333333333,533,754,2453,885,1920,1200,0,0,0,0,0,1,0
1612448763284,0.27760416666666665,0.6283333333333333,533,754,2453,885,1920,1200,0,0,0,0,0,1,0
1612448763334,0.27760416666666665,0.6283333333333333,533,754,2453,885,1920,1200,0,0,0,0,0,1,0
1612448763384,0.27760416666666665,0.6283333333333333,533,754,2453,885,1920,1200,0,0,0,0,0,1,0
1612448763434,0.27760416666666665,0.6283333333333333,533,754,2453,885,1920,1200,0,0,0,0,0,1,0
1612448763485,0.27760416666666665,0.6283333333333333,533,754,2453,885,1920,1200,0,0,0,0,0,1,0
1612448763585,0.27760416666666665,0.6283333333333333,533,754,2453,885,1920,1200,0,0,0,0,0,1,0
1612448763636,0.27760416666666665,0.6283333333333333,533,754,2453,885,1920,1200,0,0,0,0,0,1,0
1612448763686,0.27760416666666665,0.6283333333333333,533,754,2453,885,1920,1200,0,0,0,0,0,1,0
1612448763736,0.27760416666666665,0.6283333333333333,533,754,2453,885,1920,1200,0,0,0,0,0,1,0
1612448763787,0.27760416666666665,0.6283333333333333,533,754,2453,885,1920,1200,0,0,0,0,0,1,0
1612448763837,0.27760416666666665,0.6283333333333333,533,754,2453,885,1920,1200,0,0,0,0,0,1,0
1612448763888,0.27760416666666665,0.6283333333333333,533,754,2453,885,1920,1200,0,0,0,0,0,1,0
1612448763938,0.27760416666666665,0.6283333333333333,533,754,2453,885,1920,1200,0,0,0,0,0,1,0
1612448763988,0.27760416666666665,0.6283333333333333,533,754,2453,885,1920,1200,0,0,0,0,0,1,0
1612448764039,0.27760416666666665,0.6283333333333333,533,754,2453,885,1920,1200,0,0,0,0,0,1,0
1612448764089,0.27760416666666665,0.6283333333333333,533,754,2453,885,1920,1200,0,0,0,0,0,1,0
1612448764139,0.27760416666666665,0.6283333333333333,533,754,2453,885,1920,1200,0,0,0,0,0,1,0
1612448764190,0.27760416666666665,0.6283333333333333,533,754,2453,885,1920,1200,0,0,0,0,0,1,0
1612448764240,0.27760416666666665,0.6283333333333333,533,754,2453,885,1920,1200,0,0,0,0,0,1,0
1612448764290,0.27760416666666665,0.6283333333333333,533,754,2453,885,1920,1200,0,0,0,0,0,1,0
1612448764340,0.27760416666666665,0.6283333333333333,533,754,2453,885,1920,1200,0,0,0,0,0,1,0
1612448764391,0.27760416666666665,0.6283333333333333,533,754,2453,885,1920,1200,0,0,0,0,0,1,0
1612448764441,0.27760416666666665,0.6283333333333333,533,754,2453,885,1920,1200,0,0,0,0,0,1,0
1612448764492,0.27760416666666665,0.6283333333333333,533,754,2453,885,1920,1200,0,0,0,0,0,1,0
1612448764592,0.27760416666666665,0.6283333333333333,533,754,2453,885,1920,1200,0,0,0,0,0,1,0
1612448764643,0.27760416666666665,0.6283333333333333,533,754,2453,885,1920,1200,0,0,0,0,0,1,0
1612448764693,0.27760416666666665,0.6283333333333333,533,754,2453,885,1920,1200,0,0,0,0,0,1,0
1612448764743,0.27760416666666665,0.6283333333333333,533,754,2453,885,1920,1200,0,0,0,0,0,1,0
1612448764793,0.27760416666666665,0.6283333333333333,533,754,2453,885,1920,1200,0,0,0,0,0,1,0
1612448764844,0.27760416666666665,0.6283333333333333,533,754,2453,885,1920,1200,0,0,0,0,0,1,0
1612448764894,0.27760416666666665,0.6283333333333333,533,754,2453,885,1920,1200,0,0,0,0,0,1,0
1612448764944,0.27760416666666665,0.6283333333333333,533,754,2453,885,1920,1200,0,0,0,0,0,1,0
1612448764995,0.27760416666666665,0.6283333333333333,533,754,2453,885,1920,1200,0,0,0,0,0,1,0
1612448765045,0.27760416666666665,0.6283333333333333,533,754,2453,885,1920,1200,0,0,0,0,0,1,0
1612448765095,0.27760416666666665,0.6283333333333333,533,754,2453,885,1920,1200,0,0,0,0,0,1,0
1612448765145,0.27760416666666665,0.6283333333333333,533,754,2453,885,1920,1200,0,0,0,0,0,1,0
1612448765196,0.27760416666666665,0.6283333333333333,533,754,2453,885,1920,1200,0,0,0,0,0,1,0
1612448765246,0.27760416666666665,0.6283333333333333,533,754,2453,885,1920,1200,0,0,0,0,0,1,0
1612448765296,0.27760416666666665,0.6283333333333333,533,754,2453,885,1920,1200,0,0,0,0,0,1,0
1612448765347,0.27760416666666665,0.6283333333333333,533,754,2453,885,1920,1200,0,0,0,0,0,1,0
1612448765397,0.27760416666666665,0.6283333333333333,533,754,2453,885,1920,1200,0,0,0,0,0,1,0
1612448765447,0.27760416666666665,0.6283333333333333,533,754,2453,885,1920,1200,0,0,0,0,0,1,0
1612448765497,0.27760416666666665,0.6283333333333333,533,754,2453,885,1920,1200,0,0,0,0,0,1,0
1612448765598,0.27760416666666665,0.6283333333333333,533,754,2453,885,1920,1200,0,0,0,0,0,1,0
1612448765648,0.27760416666666665,0.6283333333333333,533,754,2453,885,1920,1200,0,0,0,0,0,1,0
1612448765699,0.27760416666666665,0.6283333333333333,533,754,2453,885,1920,1200,0,0,0,0,0,1,0
1612448765749,0.27760416666666665,0.6283333333333333,533,754,2453,885,1920,1200,0,0,0,0,0,1,0
1612448765799,0.27760416666666665,0.6283333333333333,533,754,2453,885,1920,1200,0,0,0,0,0,1,0
1612448765849,0.27760416666666665,0.6283333333333333,533,754,2453,885,1920,1200,0,0,0,0,0,1,0
1612448765900,0.27760416666666665,0.6283333333333333,533,754,2453,885,1920,1200,0,0,0,0,0,1,0
1612448765950,0.27760416666666665,0.6283333333333333,533,754,2453,885,1920,1200,0,0,0,0,0,1,0
1612448766001,0.27760416666666665,0.6283333333333333,533,754,2453,885,1920,1200,0,0,0,0,0,1,0
1612448766051,0.27760416666666665,0.6283333333333333,533,754,2453,885,1920,1200,0,0,0,0,0,1,0
1612448766101,0.27760416666666665,0.6283333333333333,533,754,2453,885,1920,1200,0,0,0,0,0,1,0
1612448766152,0.27760416666666665,0.6283333333333333,533,754,2453,885,1920,1200,0,0,0,0,0,1,0
1612448766202,0.2796875,0.6308333333333334,537,757,2457,888,1920,1200,0,0,0,0,0,1,0
1612448766252,0.3328125,0.6625,639,795,2559,926,1920,1200,0,0,0,0,1,0,0
1612448766302,0.4296875,0.7025,825,843,2745,974,1920,1200,0,0,0,1,0,0,0
1612448766353,0.490625,0.735,942,882,2862,1013,1920,1200,0,0,0,1,0,0,0
1612448766403,0.49270833333333336,0.7391666666666666,946,887,2866,1018,1920,1200,0,0,0,1,0,0,0
1612448766453,0.4947916666666667,0.7433333333333333,950,892,2870,1023,1920,1200,0,0,0,1,0,0,0
1612448766504,0.49583333333333335,0.7516666666666667,952,902,2872,1033,1920,1200,0,0,0,1,0,0,0
1612448766604,0.5052083333333334,0.7816666666666666,970,938,2890,1069,1920,1200,0,0,0,1,0,0,0
1612448766655,0.5296875,0.7966666666666666,1017,956,2937,1087,1920,1200,0,0,0,0,0,0,1
1612448766705,0.5427083333333333,0.8075,1042,969,2962,1100,1920,1200,0,0,0,0,0,0,1
1612448766755,0.5458333333333333,0.81,1048,972,2968,1103,1920,1200,0,0,0,0,0,0,1
1612448766806,0.5463541666666667,0.8108333333333333,1049,973,2969,1104,1920,1200,0,0,0,0,0,0,1
1612448766856,0.546875,0.8116666666666666,1050,974,2970,1105,1920,1200,0,0,0,0,0,0,1
1612448766906,0.5473958333333333,0.8175,1051,981,2971,1112,1920,1200,0,0,0,0,0,0,1
1612448766957,0.5479166666666667,0.8191666666666667,1052,983,2972,1114,1920,1200,0,0,0,0,0,0,1
1612448767007,0.5479166666666667,0.8191666666666667,1052,983,2972,1114,1920,1200,0,0,0,0,0,0,1
1612448767057,0.5484375,0.8208333333333333,1053,985,2973,1116,1920,1200,0,0,0,0,0,0,1
